-- MySQL dump 10.13  Distrib 8.0.40, for Linux (x86_64)
--
-- Host: CSThesisHub2025.mysql.pythonanywhere-services.com    Database: CSThesisHub2025$default
-- ------------------------------------------------------
-- Server version	8.0.40

/*!40101 SET @OLD_CHARACTER_SET_CLIENT=@@CHARACTER_SET_CLIENT */;
/*!40101 SET @OLD_CHARACTER_SET_RESULTS=@@CHARACTER_SET_RESULTS */;
/*!40101 SET @OLD_COLLATION_CONNECTION=@@COLLATION_CONNECTION */;
/*!50503 SET NAMES utf8mb4 */;
/*!40103 SET @OLD_TIME_ZONE=@@TIME_ZONE */;
/*!40103 SET TIME_ZONE='+00:00' */;
/*!40014 SET @OLD_UNIQUE_CHECKS=@@UNIQUE_CHECKS, UNIQUE_CHECKS=0 */;
/*!40014 SET @OLD_FOREIGN_KEY_CHECKS=@@FOREIGN_KEY_CHECKS, FOREIGN_KEY_CHECKS=0 */;
/*!40101 SET @OLD_SQL_MODE=@@SQL_MODE, SQL_MODE='NO_AUTO_VALUE_ON_ZERO' */;
/*!40111 SET @OLD_SQL_NOTES=@@SQL_NOTES, SQL_NOTES=0 */;

--
-- Table structure for table `admin_action_history`
--

DROP TABLE IF EXISTS `admin_action_history`;
/*!40101 SET @saved_cs_client     = @@character_set_client */;
/*!50503 SET character_set_client = utf8mb4 */;
CREATE TABLE `admin_action_history` (
  `id` int NOT NULL AUTO_INCREMENT,
  `admin_id` int NOT NULL,
  `action_type` varchar(50) COLLATE utf8mb4_general_ci NOT NULL,
  `description` text COLLATE utf8mb4_general_ci NOT NULL,
  `target_id` int DEFAULT NULL,
  `target_type` varchar(50) COLLATE utf8mb4_general_ci DEFAULT NULL,
  `performed_at` datetime DEFAULT CURRENT_TIMESTAMP,
  PRIMARY KEY (`id`),
  KEY `admin_id` (`admin_id`),
  CONSTRAINT `admin_action_history_ibfk_1` FOREIGN KEY (`admin_id`) REFERENCES `users` (`id`)
) ENGINE=InnoDB AUTO_INCREMENT=380 DEFAULT CHARSET=utf8mb4 COLLATE=utf8mb4_general_ci;
/*!40101 SET character_set_client = @saved_cs_client */;

--
-- Dumping data for table `admin_action_history`
--

LOCK TABLES `admin_action_history` WRITE;
/*!40000 ALTER TABLE `admin_action_history` DISABLE KEYS */;
INSERT INTO `admin_action_history` VALUES (1,8,'thesis_upload','Uploaded new thesis file: inbound3098643586525720391.jpg',126,'thesis_submission','2025-05-22 03:09:19'),(2,8,'thesis_approve','Approved and published thesis 126 as 68',68,'published_thesis','2025-05-22 03:10:46'),(3,8,'thesis_upload','Uploaded new thesis file: 17478965550651979787263740646913.jpg',127,'thesis_submission','2025-05-22 06:50:00'),(4,8,'thesis_upload','Uploaded new thesis file: 20250522_145900.jpg',128,'thesis_submission','2025-05-22 07:01:39'),(5,8,'thesis_reject','Rejected thesis submission 127',127,'thesis_submission','2025-05-22 07:02:22'),(6,8,'thesis_reject','Rejected thesis submission 128',128,'thesis_submission','2025-05-22 07:02:26'),(7,8,'thesis_upload','Uploaded new thesis file: 1747898282727873027650982653134.jpg',129,'thesis_submission','2025-05-22 07:18:39'),(8,8,'thesis_approve','Approved and published thesis 129 as 69',69,'published_thesis','2025-05-22 07:19:23'),(9,8,'thesis_restore','Restored thesis from trash: 128',128,'thesis_submission','2025-05-22 07:33:20'),(10,8,'thesis_restore','Restored thesis from trash: 127',127,'thesis_submission','2025-05-22 07:33:24'),(11,8,'thesis_upload','Uploaded new thesis file: 17478992663482207372581576045285.jpg',130,'thesis_submission','2025-05-22 07:35:00'),(12,8,'thesis_approve','Approved and published thesis 130 as 70',70,'published_thesis','2025-05-22 07:35:47'),(13,8,'thesis_approve','Approved and published thesis 127 as 71',71,'published_thesis','2025-05-22 07:37:47'),(14,8,'thesis_upload','Uploaded new thesis file: Screenshot_20250522_154147_Drive.jpg',131,'thesis_submission','2025-05-22 07:45:17'),(15,8,'thesis_upload','Uploaded new thesis file: received_1195719088546262.jpeg',132,'thesis_submission','2025-05-22 07:48:51'),(16,8,'thesis_approve','Approved and published thesis 131 as 72',72,'published_thesis','2025-05-22 07:49:32'),(17,8,'thesis_delete','Deleted published thesis 72',72,'published_thesis','2025-05-22 07:52:13'),(18,8,'thesis_upload','Uploaded new thesis file: Screenshot_20250522_154147_Drive.jpg',133,'thesis_submission','2025-05-22 07:53:31'),(19,8,'thesis_approve','Approved and published thesis 133 as 73',73,'published_thesis','2025-05-22 07:54:01'),(20,8,'thesis_reject','Rejected thesis submission 132',132,'thesis_submission','2025-05-22 12:38:09'),(21,8,'thesis_reject','Rejected thesis submission 128',128,'thesis_submission','2025-05-22 12:38:20'),(22,8,'thesis_permanent_delete','Permanently deleted thesis: 128',128,'thesis_submission','2025-05-22 12:38:25'),(23,8,'thesis_permanent_delete','Permanently deleted thesis: 132',132,'thesis_submission','2025-05-22 12:38:27'),(24,8,'thesis_delete','Deleted published thesis 71',71,'published_thesis','2025-05-22 12:43:25'),(25,8,'thesis_delete','Deleted published thesis 70',70,'published_thesis','2025-05-22 12:43:34'),(26,8,'thesis_delete','Deleted published thesis 69',69,'published_thesis','2025-05-22 12:44:34'),(27,8,'thesis_delete','Deleted published thesis 68',68,'published_thesis','2025-05-22 12:45:28'),(28,8,'thesis_upload','Uploaded new thesis file: GEOSPATIAL_IDENTIFICATION_OF_POVERTY.jpg',134,'thesis_submission','2025-05-22 12:46:37'),(29,8,'thesis_approve','Approved and published thesis 134 as 74',74,'published_thesis','2025-05-22 12:47:58'),(30,8,'thesis_upload','Uploaded new thesis file: AN_ONLINE_VOTING_SYSTEM.jpg',135,'thesis_submission','2025-05-22 12:49:46'),(31,8,'thesis_approve','Approved and published thesis 135 as 75',75,'published_thesis','2025-05-22 12:50:32'),(32,8,'thesis_upload','Uploaded new thesis file: WEB-BASED_CONTACT_TRACING_SYSTEM.jpg',136,'thesis_submission','2025-05-22 12:51:27'),(33,8,'thesis_approve','Approved and published thesis 136 as 76',76,'published_thesis','2025-05-22 12:52:53'),(34,8,'thesis_upload','Uploaded new thesis file: CLOUD-BASED_INVENTORY_MANAGEMENT_SYSTEM.jpg',137,'thesis_submission','2025-05-22 12:53:24'),(35,8,'thesis_approve','Approved and published thesis 137 as 77',77,'published_thesis','2025-05-22 12:54:29'),(36,8,'thesis_delete','Deleted published thesis 77',77,'published_thesis','2025-05-22 12:59:35'),(37,8,'thesis_upload','Uploaded new thesis file: 2022_CVSU_IMUS_ANDROID_MAPPING_APP.jpg',138,'thesis_submission','2025-05-22 13:03:18'),(38,8,'thesis_approve','Approved and published thesis 138 as 78',78,'published_thesis','2025-05-22 13:04:20'),(39,8,'thesis_upload','Uploaded new thesis file: 2023_FACIAL_RECOGNITION_FOR_PAYROLL_AND_ATTENDANCE.jpg',139,'thesis_submission','2025-05-22 13:04:59'),(40,8,'thesis_approve','Approved and published thesis 139 as 79',79,'published_thesis','2025-05-22 13:06:25'),(41,8,'thesis_upload','Uploaded new thesis file: 2023_GAPA_STUDENT_GATE_PASS.jpg',140,'thesis_submission','2025-05-22 13:06:52'),(42,8,'thesis_approve','Approved and published thesis 140 as 80',80,'published_thesis','2025-05-22 13:08:02'),(43,8,'thesis_upload','Uploaded new thesis file: 2023_LOST_CATS_AND_DOGS.jpg',141,'thesis_submission','2025-05-22 13:08:34'),(44,8,'thesis_approve','Approved and published thesis 141 as 81',81,'published_thesis','2025-05-22 13:09:07'),(45,8,'thesis_upload','Uploaded new thesis file: 2023_Subsurface_Irrigation_System_for_SAUR_FARM_Using_Treshhold_Algo.jpg',142,'thesis_submission','2025-05-22 13:09:49'),(46,8,'thesis_approve','Approved and published thesis 142 as 82',82,'published_thesis','2025-05-22 13:10:38'),(47,8,'thesis_upload','Uploaded new thesis file: 2024_ENHANCING_WORKFORCE_MANAGEMENT.jpg',143,'thesis_submission','2025-05-22 13:11:34'),(48,8,'thesis_approve','Approved and published thesis 143 as 83',83,'published_thesis','2025-05-22 13:13:25'),(49,8,'thesis_upload','Uploaded new thesis file: ENHANCING_VIRTUAL_CONFERENCING.jpg',144,'thesis_submission','2025-05-22 13:13:54'),(50,8,'thesis_approve','Approved and published thesis 144 as 84',84,'published_thesis','2025-05-22 13:14:48'),(51,8,'thesis_upload','Uploaded new thesis file: image.jpg',145,'thesis_submission','2025-05-23 02:07:34'),(52,8,'thesis_upload','Uploaded new thesis file: Screenshot_20250523_073001.jpg',146,'thesis_submission','2025-05-23 02:44:01'),(53,8,'thesis_reject','Rejected thesis submission 146',146,'thesis_submission','2025-05-23 02:44:26'),(54,8,'thesis_upload','Uploaded new thesis file: Screenshot_20250523_073127.jpg',147,'thesis_submission','2025-05-23 02:45:57'),(55,8,'thesis_reject','Rejected thesis submission 147',147,'thesis_submission','2025-05-23 02:46:05'),(56,8,'thesis_upload','Uploaded new thesis file: Screenshot_20250523_073001.jpg',148,'thesis_submission','2025-05-23 02:46:37'),(57,8,'thesis_upload','Uploaded new thesis file: inbound1326722115759687602.jpg',149,'thesis_submission','2025-05-23 16:53:52'),(58,8,'thesis_reject','Rejected thesis submission 149',149,'thesis_submission','2025-05-23 16:54:48'),(59,8,'thesis_upload','Uploaded new thesis file: 20250522_152901.jpg',150,'thesis_submission','2025-05-23 18:00:00'),(60,8,'thesis_reject','Rejected thesis submission 150',150,'thesis_submission','2025-05-23 18:00:18'),(61,8,'thesis_upload','Uploaded new thesis file: thesis9.png',151,'thesis_submission','2025-05-23 18:00:44'),(62,8,'thesis_upload','Uploaded new thesis file: 20250522_150349.jpg',152,'thesis_submission','2025-05-23 18:06:25'),(63,8,'thesis_upload','Uploaded new thesis file: thesis1.png',153,'thesis_submission','2025-05-25 05:53:49'),(64,8,'thesis_approve','Approved and published thesis 153 as 85',85,'published_thesis','2025-05-25 05:55:39'),(65,8,'user_delete','Deleted user with ID 23',23,'user','2025-05-25 14:28:03'),(66,8,'thesis_upload','Uploaded new thesis file: 20250522_150349.jpg',154,'thesis_submission','2025-05-25 15:41:29'),(67,8,'thesis_upload','Uploaded new thesis file: thesis1.png',155,'thesis_submission','2025-05-25 15:53:30'),(68,8,'thesis_upload','Uploaded new thesis file: thesis1.png',156,'thesis_submission','2025-05-25 15:55:30'),(69,8,'thesis_permanent_delete','Permanently deleted thesis: 150',150,'thesis_submission','2025-05-25 18:59:19'),(70,8,'thesis_permanent_delete','Permanently deleted thesis: 149',149,'thesis_submission','2025-05-25 18:59:20'),(71,8,'thesis_permanent_delete','Permanently deleted thesis: 147',147,'thesis_submission','2025-05-25 18:59:21'),(72,8,'thesis_permanent_delete','Permanently deleted thesis: 146',146,'thesis_submission','2025-05-25 18:59:22'),(73,8,'thesis_reject','Rejected thesis submission 156',156,'thesis_submission','2025-05-25 18:59:29'),(74,8,'thesis_reject','Rejected thesis submission 155',155,'thesis_submission','2025-05-25 18:59:40'),(75,8,'thesis_reject','Rejected thesis submission 155',155,'thesis_submission','2025-05-25 18:59:40'),(76,8,'thesis_reject','Rejected thesis submission 154',154,'thesis_submission','2025-05-25 18:59:43'),(77,8,'thesis_reject','Rejected thesis submission 154',154,'thesis_submission','2025-05-25 18:59:44'),(78,8,'thesis_reject','Rejected thesis submission 152',152,'thesis_submission','2025-05-25 18:59:48'),(79,8,'thesis_reject','Rejected thesis submission 152',152,'thesis_submission','2025-05-25 18:59:48'),(80,8,'thesis_reject','Rejected thesis submission 151',151,'thesis_submission','2025-05-25 18:59:53'),(81,8,'thesis_reject','Rejected thesis submission 151',151,'thesis_submission','2025-05-25 18:59:53'),(82,8,'thesis_reject','Rejected thesis submission 148',148,'thesis_submission','2025-05-25 18:59:57'),(83,8,'thesis_reject','Rejected thesis submission 148',148,'thesis_submission','2025-05-25 18:59:57'),(84,8,'thesis_reject','Rejected thesis submission 145',145,'thesis_submission','2025-05-25 19:00:46'),(85,8,'thesis_permanent_delete','Permanently deleted thesis: 145',145,'thesis_submission','2025-05-25 19:00:50'),(86,8,'thesis_permanent_delete','Permanently deleted thesis: 148',148,'thesis_submission','2025-05-25 19:00:52'),(87,8,'thesis_permanent_delete','Permanently deleted thesis: 151',151,'thesis_submission','2025-05-25 19:00:53'),(88,8,'thesis_permanent_delete','Permanently deleted thesis: 152',152,'thesis_submission','2025-05-25 19:00:54'),(89,8,'thesis_permanent_delete','Permanently deleted thesis: 154',154,'thesis_submission','2025-05-25 19:00:54'),(90,8,'thesis_permanent_delete','Permanently deleted thesis: 155',155,'thesis_submission','2025-05-25 19:00:55'),(91,8,'thesis_permanent_delete','Permanently deleted thesis: 156',156,'thesis_submission','2025-05-25 19:00:55'),(92,8,'thesis_delete','Deleted published thesis 85',85,'published_thesis','2025-05-25 19:01:03'),(93,8,'thesis_delete','Deleted published thesis 84',84,'published_thesis','2025-05-25 19:01:07'),(94,8,'thesis_delete','Deleted published thesis 83',83,'published_thesis','2025-05-25 19:01:10'),(95,8,'thesis_delete','Deleted published thesis 82',82,'published_thesis','2025-05-25 19:01:13'),(96,8,'thesis_delete','Deleted published thesis 81',81,'published_thesis','2025-05-25 19:01:16'),(97,8,'thesis_delete','Deleted published thesis 80',80,'published_thesis','2025-05-25 19:01:20'),(98,8,'thesis_delete','Deleted published thesis 79',79,'published_thesis','2025-05-25 19:01:24'),(99,8,'thesis_delete','Deleted published thesis 78',78,'published_thesis','2025-05-25 19:01:27'),(100,8,'thesis_delete','Deleted published thesis 76',76,'published_thesis','2025-05-25 19:01:31'),(101,8,'thesis_delete','Deleted published thesis 75',75,'published_thesis','2025-05-25 19:01:36'),(102,8,'thesis_delete','Deleted published thesis 74',74,'published_thesis','2025-05-25 19:01:39'),(103,8,'thesis_delete','Deleted published thesis 73',73,'published_thesis','2025-05-25 19:01:43'),(104,8,'thesis_upload','Uploaded new thesis file: GEOSPATIAL_IDENTIFICATION_OF_POVERTY.jpg',157,'thesis_submission','2025-05-25 19:03:07'),(105,8,'thesis_approve','Approved and published thesis 157 as 86',86,'published_thesis','2025-05-25 19:09:27'),(106,8,'thesis_upload','Uploaded new thesis file: 2022_CVSU_IMUS_ANDROID_MAPPING_APP.jpg',158,'thesis_submission','2025-05-25 20:36:39'),(107,8,'thesis_approve','Approved and published thesis 158 as 87',87,'published_thesis','2025-05-25 20:38:32'),(108,8,'thesis_delete','Deleted published thesis 87',87,'published_thesis','2025-05-25 20:42:10'),(109,8,'thesis_upload','Uploaded new thesis file: MOBILE_EXAMINATION_CHECKER.jpg',159,'thesis_submission','2025-05-25 20:42:51'),(110,8,'thesis_upload','Uploaded new thesis file: 2022_CVSU_IMUS_ANDROID_MAPPING_APP.jpg',160,'thesis_submission','2025-05-25 20:46:42'),(111,8,'thesis_upload','Uploaded new thesis file: inbound7135641878069495300.jpg',161,'thesis_submission','2025-05-25 21:15:52'),(112,8,'thesis_reject','Rejected thesis submission 161',161,'thesis_submission','2025-05-25 21:15:59'),(113,8,'thesis_upload','Uploaded new thesis file: 2023_FACIAL_RECOGNITION_FOR_PAYROLL_AND_ATTENDANCE.jpg',162,'thesis_submission','2025-05-26 03:41:07'),(114,8,'thesis_approve','Approved and published thesis 162 as 88',88,'published_thesis','2025-05-26 03:42:03'),(115,8,'thesis_approve','Approved and published thesis 160 as 89',89,'published_thesis','2025-05-26 03:42:52'),(116,8,'thesis_approve','Approved and published thesis 159 as 90',90,'published_thesis','2025-05-26 03:43:15'),(117,8,'thesis_upload','Uploaded new thesis file: 2024_ENHANCING_WORKFORCE_MANAGEMENT.jpg',163,'thesis_submission','2025-05-26 03:43:55'),(118,8,'thesis_approve','Approved and published thesis 163 as 91',91,'published_thesis','2025-05-26 03:44:39'),(119,8,'thesis_restore','Restored thesis from trash: 161',161,'thesis_submission','2025-05-26 04:27:29'),(120,8,'thesis_reject','Rejected thesis submission 161',161,'thesis_submission','2025-05-26 04:29:59'),(121,8,'thesis_upload','Uploaded new thesis file: thesis1.png',164,'thesis_submission','2025-05-26 04:30:54'),(122,8,'thesis_upload','Uploaded new thesis file: Screenshot_20250522_154147_Drive.jpg',165,'thesis_submission','2025-05-26 05:04:56'),(123,8,'user_role_change','Changed role of user 40 to admin',40,'user','2025-05-26 05:51:36'),(124,8,'user_delete','Deleted user with ID 40',40,'user','2025-05-26 05:51:59'),(125,8,'thesis_upload','Uploaded new thesis file: ENHANCING_VIRTUAL_CONFERENCING.jpg',166,'thesis_submission','2025-05-26 10:43:57'),(126,8,'thesis_approve','Approved and published thesis 166 as 92',92,'published_thesis','2025-05-26 10:45:10'),(127,8,'thesis_upload','Uploaded new thesis file: 2023_GAPA_STUDENT_GATE_PASS.jpg',167,'thesis_submission','2025-05-26 10:45:52'),(128,8,'thesis_approve','Approved and published thesis 167 as 93',93,'published_thesis','2025-05-26 10:47:21'),(129,8,'thesis_upload','Uploaded new thesis file: 2023_LOST_CATS_AND_DOGS.jpg',168,'thesis_submission','2025-05-26 10:48:12'),(130,8,'thesis_approve','Approved and published thesis 168 as 94',94,'published_thesis','2025-05-26 10:50:10'),(131,8,'thesis_upload','Uploaded new thesis file: 2023_Subsurface_Irrigation_System_for_SAUR_FARM_Using_Treshhold_Algo.jpg',169,'thesis_submission','2025-05-26 10:50:50'),(132,8,'thesis_approve','Approved and published thesis 169 as 95',95,'published_thesis','2025-05-26 10:51:53'),(133,8,'thesis_upload','Uploaded new thesis file: AN_ONLINE_VOTING_SYSTEM.jpg',170,'thesis_submission','2025-05-26 10:52:33'),(134,8,'thesis_approve','Approved and published thesis 170 as 96',96,'published_thesis','2025-05-26 10:53:06'),(135,8,'thesis_upload','Uploaded new thesis file: thesis1.png',171,'thesis_submission','2025-05-26 13:32:25'),(136,8,'thesis_approve','Approved and published thesis 171 as 97',97,'published_thesis','2025-05-26 13:33:50'),(137,8,'thesis_upload','Uploaded new thesis file: thesis2.png',172,'thesis_submission','2025-05-26 15:25:55'),(138,8,'thesis_approve','Approved and published thesis 172 as 98',98,'published_thesis','2025-05-26 15:26:43'),(139,8,'thesis_delete','Deleted published thesis 97',97,'published_thesis','2025-05-26 15:27:35'),(140,8,'thesis_delete','Deleted published thesis 98',98,'published_thesis','2025-05-26 15:27:39'),(141,8,'thesis_upload','Uploaded new thesis file: ONLINE_GRADING_SYSTEM_WITH_ANALYSIS_REPORT.jpg',173,'thesis_submission','2025-05-26 15:28:59'),(142,8,'thesis_reject','Rejected thesis submission 173',173,'thesis_submission','2025-05-26 15:29:08'),(143,8,'thesis_upload','Uploaded new thesis file: 2022_CVSU_IMUS_ANDROID_MAPPING_APP.jpg',174,'thesis_submission','2025-05-26 15:29:48'),(144,8,'thesis_reject','Rejected thesis submission 174',174,'thesis_submission','2025-05-26 15:29:52'),(145,8,'thesis_upload','Uploaded new thesis file: 2023_FACIAL_RECOGNITION_FOR_PAYROLL_AND_ATTENDANCE.jpg',175,'thesis_submission','2025-05-26 15:30:39'),(146,8,'thesis_reject','Rejected thesis submission 175',175,'thesis_submission','2025-05-26 15:30:54'),(147,8,'thesis_upload','Uploaded new thesis file: thesis7.png',176,'thesis_submission','2025-05-26 15:31:33'),(148,8,'thesis_reject','Rejected thesis submission 176',176,'thesis_submission','2025-05-26 15:31:39'),(149,8,'thesis_upload','Uploaded new thesis file: 2023_LOST_CATS_AND_DOGS.jpg',177,'thesis_submission','2025-05-26 15:32:34'),(150,8,'thesis_reject','Rejected thesis submission 177',177,'thesis_submission','2025-05-26 15:32:41'),(151,8,'thesis_permanent_delete','Permanently deleted thesis: 177',177,'thesis_submission','2025-05-26 15:32:45'),(152,8,'thesis_permanent_delete','Permanently deleted thesis: 176',176,'thesis_submission','2025-05-26 15:32:45'),(153,8,'thesis_permanent_delete','Permanently deleted thesis: 175',175,'thesis_submission','2025-05-26 15:32:47'),(154,8,'thesis_permanent_delete','Permanently deleted thesis: 161',161,'thesis_submission','2025-05-26 15:32:48'),(155,8,'thesis_permanent_delete','Permanently deleted thesis: 173',173,'thesis_submission','2025-05-26 15:32:49'),(156,8,'thesis_permanent_delete','Permanently deleted thesis: 174',174,'thesis_submission','2025-05-26 15:32:51'),(157,8,'thesis_upload','Uploaded new thesis file: ENHANCING_VIRTUAL_CONFERENCING.jpg',178,'thesis_submission','2025-05-26 15:33:14'),(158,8,'thesis_reject','Rejected thesis submission 178',178,'thesis_submission','2025-05-26 15:33:24'),(159,8,'thesis_upload','Uploaded new thesis file: 2023_FACIAL_RECOGNITION_FOR_PAYROLL_AND_ATTENDANCE.jpg',179,'thesis_submission','2025-05-26 15:33:50'),(160,8,'thesis_reject','Rejected thesis submission 179',179,'thesis_submission','2025-05-26 15:34:39'),(161,8,'thesis_delete','Deleted published thesis 88',88,'published_thesis','2025-05-26 15:34:48'),(162,8,'thesis_reject','Rejected thesis submission 165',165,'thesis_submission','2025-05-26 15:34:58'),(163,8,'thesis_reject','Rejected thesis submission 164',164,'thesis_submission','2025-05-26 15:35:02'),(164,8,'thesis_permanent_delete','Permanently deleted thesis: 164',164,'thesis_submission','2025-05-26 15:35:06'),(165,8,'thesis_permanent_delete','Permanently deleted thesis: 165',165,'thesis_submission','2025-05-26 15:35:07'),(166,8,'thesis_permanent_delete','Permanently deleted thesis: 179',179,'thesis_submission','2025-05-26 15:35:08'),(167,8,'thesis_permanent_delete','Permanently deleted thesis: 178',178,'thesis_submission','2025-05-26 15:35:09'),(168,8,'thesis_upload','Uploaded new thesis file: 2023_FACIAL_RECOGNITION_FOR_PAYROLL_AND_ATTENDANCE.jpg',180,'thesis_submission','2025-05-26 15:37:01'),(169,8,'thesis_approve','Approved and published thesis 180 as 99',99,'published_thesis','2025-05-26 15:37:49'),(170,8,'thesis_delete','Deleted published thesis 99',99,'published_thesis','2025-05-26 15:39:54'),(171,8,'thesis_upload','Uploaded new thesis file: 2023_FACIAL_RECOGNITION_FOR_PAYROLL_AND_ATTENDANCE.jpg',181,'thesis_submission','2025-05-26 15:41:28'),(172,8,'thesis_approve','Approved and published thesis 181 as 100',100,'published_thesis','2025-05-26 15:42:09'),(173,8,'user_role_change','Changed role of user 28 to admin',28,'user','2025-05-27 05:01:35'),(174,8,'user_role_change','Changed role of user 28 to admin',28,'user','2025-05-27 05:01:46'),(175,8,'thesis_upload','Uploaded new thesis file: AN_ONLINE_VOTING_SYSTEM.jpg',182,'thesis_submission','2025-05-28 14:49:44'),(176,8,'thesis_reject','Rejected thesis submission 182',182,'thesis_submission','2025-05-28 14:49:54'),(177,8,'thesis_upload','Uploaded new thesis file: MOBILE_EXAMINATION_CHECKER.jpg',183,'thesis_submission','2025-05-28 14:53:31'),(178,8,'thesis_reject','Rejected thesis submission 183',183,'thesis_submission','2025-05-28 14:54:09'),(179,8,'thesis_upload','Uploaded new thesis file: 2023_FACIAL_RECOGNITION_FOR_PAYROLL_AND_ATTENDANCE.jpg',184,'thesis_submission','2025-05-28 15:09:54'),(180,8,'thesis_upload','Uploaded new thesis file: 2023_FACIAL_RECOGNITION_FOR_PAYROLL_AND_ATTENDANCE.jpg',185,'thesis_submission','2025-05-28 15:11:37'),(181,8,'thesis_approve','Approved and published thesis 185 as 101',101,'published_thesis','2025-05-28 15:12:53'),(182,8,'thesis_approve','Approved and published thesis 185 as 102',102,'published_thesis','2025-05-28 15:12:55'),(183,8,'thesis_approve','Approved and published thesis 184 as 103',103,'published_thesis','2025-05-28 15:13:40'),(184,8,'thesis_delete','Deleted published thesis 102',102,'published_thesis','2025-05-28 16:00:16'),(185,8,'thesis_delete','Deleted published thesis 101',101,'published_thesis','2025-05-28 16:00:21'),(186,8,'thesis_delete','Deleted published thesis 100',100,'published_thesis','2025-05-28 16:00:28'),(187,8,'thesis_delete','Deleted published thesis 103',103,'published_thesis','2025-05-28 16:00:34'),(188,8,'thesis_upload','Uploaded new thesis file: GEOSPATIAL_IDENTIFICATION_OF_POVERTY.jpg',186,'thesis_submission','2025-05-28 16:01:25'),(189,8,'thesis_approve','Approved and published thesis 186 as 104',104,'published_thesis','2025-05-28 16:01:28'),(190,8,'thesis_upload','Uploaded new thesis file: 2022_CVSU_IMUS_ANDROID_MAPPING_APP.jpg',187,'thesis_submission','2025-05-28 16:02:06'),(191,8,'thesis_approve','Approved and published thesis 187 as 105',105,'published_thesis','2025-05-28 16:02:22'),(192,8,'thesis_delete','Deleted published thesis 105',105,'published_thesis','2025-05-28 16:02:32'),(193,8,'thesis_upload','Uploaded new thesis file: 2022_CVSU_IMUS_ANDROID_MAPPING_APP.jpg',188,'thesis_submission','2025-05-28 16:02:48'),(194,8,'thesis_upload','Uploaded new thesis file: 2023_FACIAL_RECOGNITION_FOR_PAYROLL_AND_ATTENDANCE.jpg',189,'thesis_submission','2025-05-28 16:03:09'),(195,8,'thesis_approve','Approved and published thesis 189 as 106',106,'published_thesis','2025-05-28 16:03:31'),(196,8,'thesis_reject','Rejected thesis submission 188',188,'thesis_submission','2025-05-28 16:03:44'),(197,8,'thesis_permanent_delete','Permanently deleted thesis: 182',182,'thesis_submission','2025-05-28 16:03:49'),(198,8,'thesis_upload','Uploaded new thesis file: 2023_LOST_CATS_AND_DOGS.jpg',190,'thesis_submission','2025-05-28 16:04:26'),(199,8,'thesis_delete','Deleted published thesis 106',106,'published_thesis','2025-05-28 16:05:15'),(200,8,'thesis_upload','Uploaded new thesis file: 2023_FACIAL_RECOGNITION_FOR_PAYROLL_AND_ATTENDANCE.jpg',191,'thesis_submission','2025-05-28 16:05:32'),(201,8,'thesis_approve','Approved and published thesis 191 as 107',107,'published_thesis','2025-05-28 16:05:42'),(202,8,'thesis_upload','Uploaded new thesis file: 2023_FACIAL_RECOGNITION_FOR_PAYROLL_AND_ATTENDANCE.jpg',192,'thesis_submission','2025-05-28 16:18:25'),(203,8,'thesis_approve','Approved and published thesis 192 as 108',108,'published_thesis','2025-05-28 16:19:05'),(204,8,'user_role_change','Changed role of user 39 to user',39,'user','2025-05-29 06:43:45'),(205,8,'user_role_change','Changed role of user 39 to admin',39,'user','2025-05-29 06:43:52'),(206,39,'thesis_upload','Uploaded new thesis file: inbound3102551952690000140.jpg',193,'thesis_submission','2025-05-29 06:44:47'),(207,39,'thesis_reject','Rejected thesis submission 193',193,'thesis_submission','2025-05-29 06:45:27'),(208,8,'thesis_upload','Uploaded new thesis file: 2022_CVSU_IMUS_ANDROID_MAPPING_APP.jpg',194,'thesis_submission','2025-05-29 12:00:41'),(209,8,'thesis_reject','Rejected thesis submission 194',194,'thesis_submission','2025-05-29 12:01:22'),(210,8,'thesis_upload','Uploaded new thesis file: GEOSPATIAL_IDENTIFICATION_OF_POVERTY.jpg',195,'thesis_submission','2025-05-29 12:13:33'),(211,8,'thesis_upload','Uploaded new thesis file: 2022_CVSU_IMUS_ANDROID_MAPPING_APP.jpg',196,'thesis_submission','2025-05-29 12:18:39'),(212,8,'thesis_reject','Rejected thesis submission 196',196,'thesis_submission','2025-05-29 12:19:53'),(213,8,'thesis_reject','Rejected thesis submission 195',195,'thesis_submission','2025-05-29 12:19:57'),(214,8,'thesis_reject','Rejected thesis submission 190',190,'thesis_submission','2025-05-29 12:20:01'),(215,8,'thesis_permanent_delete','Permanently deleted thesis: 190',190,'thesis_submission','2025-05-29 12:20:05'),(216,8,'thesis_permanent_delete','Permanently deleted thesis: 195',195,'thesis_submission','2025-05-29 12:20:06'),(217,8,'thesis_permanent_delete','Permanently deleted thesis: 196',196,'thesis_submission','2025-05-29 12:20:08'),(218,8,'thesis_permanent_delete','Permanently deleted thesis: 194',194,'thesis_submission','2025-05-29 12:20:09'),(219,8,'thesis_permanent_delete','Permanently deleted thesis: 193',193,'thesis_submission','2025-05-29 12:20:10'),(220,8,'thesis_permanent_delete','Permanently deleted thesis: 188',188,'thesis_submission','2025-05-29 12:20:11'),(221,8,'thesis_permanent_delete','Permanently deleted thesis: 183',183,'thesis_submission','2025-05-29 12:20:13'),(222,8,'thesis_delete','Deleted published thesis 107',107,'published_thesis','2025-05-29 12:21:07'),(223,8,'thesis_metadata_edit','Edited published thesis 108',108,'published_thesis','2025-05-29 12:25:40'),(224,8,'thesis_delete','Deleted published thesis 104',104,'published_thesis','2025-05-29 12:25:50'),(225,8,'thesis_metadata_edit','Edited published thesis 96',96,'published_thesis','2025-05-29 12:26:00'),(226,8,'thesis_metadata_edit','Edited published thesis 95',95,'published_thesis','2025-05-29 12:26:19'),(227,8,'thesis_metadata_edit','Edited published thesis 94',94,'published_thesis','2025-05-29 12:26:28'),(228,8,'thesis_metadata_edit','Edited published thesis 93',93,'published_thesis','2025-05-29 12:26:35'),(229,8,'thesis_metadata_edit','Edited published thesis 92',92,'published_thesis','2025-05-29 12:26:43'),(230,8,'thesis_metadata_edit','Edited published thesis 91',91,'published_thesis','2025-05-29 12:27:00'),(231,8,'thesis_metadata_edit','Edited published thesis 89',89,'published_thesis','2025-05-29 12:27:10'),(232,8,'thesis_metadata_edit','Edited published thesis 86',86,'published_thesis','2025-05-29 12:27:20'),(233,39,'thesis_metadata_edit','Edited published thesis 108',108,'published_thesis','2025-05-29 12:29:51'),(234,8,'thesis_upload','Uploaded new thesis file: 2022_CVSU_IMUS_ANDROID_MAPPING_APP.jpg',197,'thesis_submission','2025-05-29 12:29:51'),(235,39,'thesis_metadata_edit','Edited published thesis 108',108,'published_thesis','2025-05-29 12:30:01'),(236,8,'thesis_reject','Rejected thesis submission 197',197,'thesis_submission','2025-05-29 12:30:03'),(237,8,'thesis_upload','Uploaded new thesis file: 2022_CVSU_IMUS_ANDROID_MAPPING_APP.jpg',198,'thesis_submission','2025-05-29 12:37:00'),(238,8,'thesis_reject','Rejected thesis submission 198',198,'thesis_submission','2025-05-29 12:37:57'),(239,8,'thesis_upload','Uploaded new thesis file: 2023_FACIAL_RECOGNITION_FOR_PAYROLL_AND_ATTENDANCE.jpg',199,'thesis_submission','2025-05-29 12:38:18'),(240,8,'thesis_upload','Uploaded new thesis file: 2023_LOST_CATS_AND_DOGS.jpg',200,'thesis_submission','2025-05-29 12:38:54'),(241,8,'thesis_upload','Uploaded new thesis file: ONLINE_CLASS_ATTENDANCE_AND_RECITATIONMON.jpg',201,'thesis_submission','2025-05-29 12:39:30'),(242,8,'thesis_reject','Rejected thesis submission 200',200,'thesis_submission','2025-05-29 12:39:49'),(243,8,'thesis_upload','Uploaded new thesis file: GEOSPATIAL_IDENTIFICATION_OF_POVERTY.jpg',202,'thesis_submission','2025-05-29 12:41:54'),(244,8,'thesis_reject','Rejected thesis submission 202',202,'thesis_submission','2025-05-29 12:42:35'),(245,8,'thesis_upload','Uploaded new thesis file: GEOSPATIAL_IDENTIFICATION_OF_POVERTY.jpg',203,'thesis_submission','2025-05-29 12:46:00'),(246,8,'thesis_upload','Uploaded new thesis file: 2024_ENHANCING_WORKFORCE_MANAGEMENT.jpg',204,'thesis_submission','2025-05-29 12:49:10'),(247,8,'thesis_metadata_edit','Edited published thesis 90',90,'published_thesis','2025-05-29 12:49:39'),(248,8,'thesis_permanent_delete','Permanently deleted thesis: 202',202,'thesis_submission','2025-05-29 12:50:39'),(249,8,'thesis_permanent_delete','Permanently deleted thesis: 200',200,'thesis_submission','2025-05-29 12:50:41'),(250,8,'thesis_permanent_delete','Permanently deleted thesis: 198',198,'thesis_submission','2025-05-29 12:50:42'),(251,8,'thesis_permanent_delete','Permanently deleted thesis: 197',197,'thesis_submission','2025-05-29 12:50:43'),(252,8,'thesis_reject','Rejected thesis submission 204',204,'thesis_submission','2025-05-29 12:54:30'),(253,8,'thesis_reject','Rejected thesis submission 203',203,'thesis_submission','2025-05-29 12:54:34'),(254,8,'thesis_reject','Rejected thesis submission 201',201,'thesis_submission','2025-05-29 12:54:37'),(255,8,'thesis_reject','Rejected thesis submission 199',199,'thesis_submission','2025-05-29 12:54:41'),(256,8,'thesis_permanent_delete','Permanently deleted thesis: 199',199,'thesis_submission','2025-05-29 12:54:43'),(257,8,'thesis_permanent_delete','Permanently deleted thesis: 201',201,'thesis_submission','2025-05-29 12:54:44'),(258,8,'thesis_permanent_delete','Permanently deleted thesis: 204',204,'thesis_submission','2025-05-29 12:54:45'),(259,8,'thesis_permanent_delete','Permanently deleted thesis: 203',203,'thesis_submission','2025-05-29 12:54:46'),(260,8,'thesis_delete','Deleted published thesis 108',108,'published_thesis','2025-05-29 12:55:30'),(261,8,'thesis_delete','Deleted published thesis 96',96,'published_thesis','2025-05-29 12:55:34'),(262,8,'thesis_delete','Deleted published thesis 95',95,'published_thesis','2025-05-29 12:55:37'),(263,8,'thesis_delete','Deleted published thesis 94',94,'published_thesis','2025-05-29 12:55:41'),(264,8,'thesis_delete','Deleted published thesis 93',93,'published_thesis','2025-05-29 12:55:44'),(265,8,'thesis_delete','Deleted published thesis 92',92,'published_thesis','2025-05-29 12:55:47'),(266,8,'thesis_delete','Deleted published thesis 91',91,'published_thesis','2025-05-29 12:55:51'),(267,8,'thesis_delete','Deleted published thesis 90',90,'published_thesis','2025-05-29 12:55:54'),(268,8,'thesis_delete','Deleted published thesis 89',89,'published_thesis','2025-05-29 12:55:58'),(269,8,'thesis_delete','Deleted published thesis 86',86,'published_thesis','2025-05-29 12:56:03'),(270,8,'thesis_upload','Uploaded new thesis file: GEOSPATIAL_IDENTIFICATION_OF_POVERTY.jpg',205,'thesis_submission','2025-05-29 13:02:47'),(271,8,'thesis_approve','Approved and published thesis 205 as 109',109,'published_thesis','2025-05-29 13:03:26'),(272,8,'thesis_upload','Uploaded new thesis file: 2022_CVSU_IMUS_ANDROID_MAPPING_APP.jpg',206,'thesis_submission','2025-05-29 13:03:55'),(273,8,'thesis_approve','Approved and published thesis 206 as 110',110,'published_thesis','2025-05-29 13:04:46'),(274,8,'thesis_upload','Uploaded new thesis file: 2023_GAPA_STUDENT_GATE_PASS.jpg',207,'thesis_submission','2025-05-29 13:05:48'),(275,8,'thesis_approve','Approved and published thesis 207 as 111',111,'published_thesis','2025-05-29 13:06:10'),(276,8,'thesis_delete','Deleted published thesis 111',111,'published_thesis','2025-05-29 13:06:18'),(277,8,'thesis_upload','Uploaded new thesis file: 2023_FACIAL_RECOGNITION_FOR_PAYROLL_AND_ATTENDANCE.jpg',208,'thesis_submission','2025-05-29 14:07:26'),(278,8,'thesis_reject','Rejected thesis submission 208',208,'thesis_submission','2025-05-29 14:07:37'),(279,8,'thesis_upload','Uploaded new thesis file: GIVEBLOOD_A_CROSS-PLATFORM_BLOOD_DONATION_SYSTEM.jpg',209,'thesis_submission','2025-05-29 14:08:08'),(280,8,'thesis_reject','Rejected thesis submission 209',209,'thesis_submission','2025-05-29 14:08:18'),(281,8,'thesis_upload','Uploaded new thesis file: MOBILE_MEDICINE_ALARM_REMINDER.jpg',210,'thesis_submission','2025-05-29 14:08:42'),(282,8,'thesis_reject','Rejected thesis submission 210',210,'thesis_submission','2025-05-29 14:08:59'),(283,8,'thesis_upload','Uploaded new thesis file: ONLINE_APPOINTMENT_FOR_VET_WAYS_ANIMAL_CLINIC.jpg',211,'thesis_submission','2025-05-29 14:09:19'),(284,8,'thesis_reject','Rejected thesis submission 211',211,'thesis_submission','2025-05-29 14:09:22'),(285,8,'thesis_upload','Uploaded new thesis file: ONLINE_CLASS_ATTENDANCE_AND_RECITATIONMON.jpg',212,'thesis_submission','2025-05-29 14:09:36'),(286,8,'thesis_reject','Rejected thesis submission 212',212,'thesis_submission','2025-05-29 14:10:04'),(287,8,'thesis_upload','Uploaded new thesis file: MULTI-PLATFORM_CONTACT_TRACING_WITH_QR_VERIFICATION.jpg',213,'thesis_submission','2025-05-29 14:11:51'),(288,8,'thesis_reject','Rejected thesis submission 213',213,'thesis_submission','2025-05-29 14:12:02'),(289,8,'thesis_upload','Uploaded new thesis file: WEB-BASED_CONTACT_TRACING_SYSTEM.jpg',214,'thesis_submission','2025-05-29 14:12:21'),(290,8,'thesis_reject','Rejected thesis submission 214',214,'thesis_submission','2025-05-29 14:12:40'),(291,8,'thesis_permanent_delete','Permanently deleted thesis: 214',214,'thesis_submission','2025-05-29 14:12:44'),(292,8,'thesis_permanent_delete','Permanently deleted thesis: 213',213,'thesis_submission','2025-05-29 14:12:46'),(293,8,'thesis_permanent_delete','Permanently deleted thesis: 212',212,'thesis_submission','2025-05-29 14:12:47'),(294,8,'thesis_permanent_delete','Permanently deleted thesis: 211',211,'thesis_submission','2025-05-29 14:12:48'),(295,8,'thesis_permanent_delete','Permanently deleted thesis: 210',210,'thesis_submission','2025-05-29 14:12:49'),(296,8,'thesis_permanent_delete','Permanently deleted thesis: 209',209,'thesis_submission','2025-05-29 14:12:50'),(297,8,'thesis_permanent_delete','Permanently deleted thesis: 208',208,'thesis_submission','2025-05-29 14:12:51'),(298,8,'thesis_upload','Uploaded new thesis file: 2023_GAPA_STUDENT_GATE_PASS.jpg',215,'thesis_submission','2025-05-29 14:13:33'),(299,8,'thesis_approve','Approved and published thesis 215 as 112',112,'published_thesis','2025-05-29 14:14:42'),(300,8,'thesis_upload','Uploaded new thesis file: LOST_CATS_AND_DOGS.pdf',216,'thesis_submission','2025-05-29 14:14:54'),(301,8,'thesis_reject','Rejected thesis submission 216',216,'thesis_submission','2025-05-29 14:14:59'),(302,8,'thesis_permanent_delete','Permanently deleted thesis: 216',216,'thesis_submission','2025-05-29 14:15:05'),(303,8,'thesis_upload','Uploaded new thesis file: 2023_LOST_CATS_AND_DOGS.jpg',217,'thesis_submission','2025-05-29 14:15:48'),(304,8,'thesis_approve','Approved and published thesis 217 as 113',113,'published_thesis','2025-05-29 14:16:21'),(305,8,'thesis_metadata_edit','Edited published thesis 109',109,'published_thesis','2025-05-29 14:16:41'),(306,8,'thesis_upload','Uploaded new thesis file: 2023_Subsurface_Irrigation_System_for_SAUR_FARM_Using_Treshhold_Algo.jpg',218,'thesis_submission','2025-05-29 14:17:57'),(307,8,'thesis_approve','Approved and published thesis 218 as 114',114,'published_thesis','2025-05-29 14:18:34'),(308,8,'thesis_upload','Uploaded new thesis file: 2024_ENHANCING_WORKFORCE_MANAGEMENT.jpg',219,'thesis_submission','2025-05-29 14:19:35'),(309,8,'thesis_approve','Approved and published thesis 219 as 115',115,'published_thesis','2025-05-29 14:20:54'),(310,8,'thesis_upload','Uploaded new thesis file: AN_ONLINE_VOTING_SYSTEM.jpg',220,'thesis_submission','2025-05-29 14:21:14'),(311,8,'thesis_approve','Approved and published thesis 220 as 116',116,'published_thesis','2025-05-29 14:21:44'),(312,8,'thesis_upload','Uploaded new thesis file: BARANGAY_ALAPAN-2A.jpg',221,'thesis_submission','2025-05-29 14:22:11'),(313,8,'thesis_approve','Approved and published thesis 221 as 117',117,'published_thesis','2025-05-29 14:22:43'),(314,8,'thesis_upload','Uploaded new thesis file: CLOUD-BASED_INVENTORY_MANAGEMENT_SYSTEM.jpg',222,'thesis_submission','2025-05-29 14:23:16'),(315,8,'thesis_approve','Approved and published thesis 222 as 118',118,'published_thesis','2025-05-29 14:24:07'),(316,8,'thesis_upload','Uploaded new thesis file: ENHANCING_VIRTUAL_CONFERENCING.jpg',223,'thesis_submission','2025-05-29 14:24:43'),(317,8,'thesis_approve','Approved and published thesis 223 as 119',119,'published_thesis','2025-05-29 14:26:02'),(318,8,'thesis_upload','Uploaded new thesis file: GAME_SIMULATION_FOR_ALTERNATIVE_LEARNING.jpg',224,'thesis_submission','2025-05-29 14:26:27'),(319,8,'thesis_approve','Approved and published thesis 224 as 120',120,'published_thesis','2025-05-29 14:27:06'),(320,8,'thesis_upload','Uploaded new thesis file: MOBILE_EXAMINATION_CHECKER.jpg',225,'thesis_submission','2025-05-29 14:27:46'),(321,8,'thesis_approve','Approved and published thesis 223 as 121',121,'published_thesis','2025-05-29 14:28:12'),(322,8,'thesis_approve','Approved and published thesis 225 as 122',122,'published_thesis','2025-05-29 14:28:43'),(323,8,'thesis_upload','Uploaded new thesis file: ONLINE_CLASS_ATTENDANCE_AND_RECITATIONMON.jpg',226,'thesis_submission','2025-05-29 14:29:52'),(324,8,'thesis_approve','Approved and published thesis 226 as 123',123,'published_thesis','2025-05-29 14:30:29'),(325,8,'thesis_delete','Deleted published thesis 121',121,'published_thesis','2025-05-29 14:32:11'),(326,8,'thesis_upload','Uploaded new thesis file: SELF-ASSESSMENT_INTEGRATION_OF_PROGRAMMING_PROFICIENCY.jpg',227,'thesis_submission','2025-05-29 14:33:55'),(327,8,'thesis_approve','Approved and published thesis 227 as 124',124,'published_thesis','2025-05-29 14:35:28'),(328,8,'thesis_approve','Approved and published thesis 227 as 125',125,'published_thesis','2025-05-29 14:35:30'),(329,8,'thesis_upload','Uploaded new thesis file: thesis4.png',228,'thesis_submission','2025-05-29 14:45:10'),(330,8,'thesis_reject','Rejected thesis submission 228',228,'thesis_submission','2025-05-29 14:45:26'),(331,8,'thesis_upload','Uploaded new thesis file: thesis2.png',229,'thesis_submission','2025-05-29 14:45:40'),(332,8,'thesis_reject','Rejected thesis submission 229',229,'thesis_submission','2025-05-29 14:45:54'),(333,8,'thesis_permanent_delete','Permanently deleted thesis: 229',229,'thesis_submission','2025-05-29 14:45:58'),(334,8,'thesis_permanent_delete','Permanently deleted thesis: 228',228,'thesis_submission','2025-05-29 14:46:00'),(335,8,'thesis_delete','Deleted published thesis 125',125,'published_thesis','2025-05-29 19:26:23'),(336,8,'thesis_upload','Uploaded new thesis file: 17485733402044386784830016450457.jpg',230,'thesis_submission','2025-05-30 02:49:26'),(337,8,'thesis_reject','Rejected thesis submission 230',230,'thesis_submission','2025-05-30 02:51:35'),(338,8,'thesis_upload','Uploaded new thesis file: 1748573505339631953343000845049.jpg',231,'thesis_submission','2025-05-30 02:52:16'),(339,8,'thesis_reject','Rejected thesis submission 231',231,'thesis_submission','2025-05-30 02:52:49'),(340,8,'thesis_upload','Uploaded new thesis file: 17485735762371108674270285413212.jpg',232,'thesis_submission','2025-05-30 02:53:32'),(341,8,'thesis_reject','Rejected thesis submission 232',232,'thesis_submission','2025-05-30 02:53:53'),(342,8,'user_delete','Deleted user with ID 38',38,'user','2025-05-30 03:00:25'),(343,8,'user_delete','Deleted user with ID 43',43,'user','2025-05-30 03:03:45'),(344,8,'user_delete','Deleted user with ID 24',24,'user','2025-05-30 03:03:50'),(345,8,'thesis_permanent_delete','Permanently deleted thesis: 232',232,'thesis_submission','2025-05-30 03:04:00'),(346,8,'thesis_permanent_delete','Permanently deleted thesis: 231',231,'thesis_submission','2025-05-30 03:04:02'),(347,8,'thesis_permanent_delete','Permanently deleted thesis: 230',230,'thesis_submission','2025-05-30 03:04:03'),(348,8,'thesis_delete','Deleted published thesis 124',124,'published_thesis','2025-05-30 03:49:22'),(349,8,'thesis_upload','Uploaded new thesis file: self_assessment_integration.jpg',233,'thesis_submission','2025-05-30 03:49:55'),(350,8,'thesis_approve','Approved and published thesis 233 as 126',126,'published_thesis','2025-05-30 03:50:26'),(351,8,'thesis_delete','Deleted published thesis 126',126,'published_thesis','2025-05-30 03:51:33'),(352,8,'thesis_delete','Deleted published thesis 119',119,'published_thesis','2025-05-30 03:56:20'),(353,8,'thesis_upload','Uploaded new thesis file: enhancing_virtual_conferencing.jpg',234,'thesis_submission','2025-05-30 03:58:30'),(354,8,'thesis_approve','Approved and published thesis 234 as 127',127,'published_thesis','2025-05-30 03:59:27'),(355,8,'user_delete','Deleted user with ID 45',45,'user','2025-05-30 04:49:54'),(356,8,'thesis_upload','Uploaded new thesis file: 2022MULTI-PLATFORM_CONTACT_TRACING_WITH_QR_VERIFICATION.jpg',235,'thesis_submission','2025-05-30 09:32:41'),(357,8,'thesis_upload','Uploaded new thesis file: GIVEBLOOD.pdf',236,'thesis_submission','2025-05-30 09:35:44'),(358,8,'thesis_upload','Uploaded new thesis file: 2023_FACIAL_RECOGNITION_FOR_PAYROLL_AND_ATTENDANCE.jpg',237,'thesis_submission','2025-05-30 09:36:38'),(359,8,'thesis_upload','Uploaded new thesis file: NAMESAmple.png',238,'thesis_submission','2025-05-30 09:43:09'),(360,8,'thesis_upload','Uploaded new thesis file: Sample1.png',239,'thesis_submission','2025-05-30 09:46:08'),(361,8,'thesis_upload','Uploaded new thesis file: 2023MOBILE_MEDICINE_ALARM_REMINDER.jpg',240,'thesis_submission','2025-05-30 09:47:30'),(362,8,'thesis_approve','Approved and published thesis 240 as 128',128,'published_thesis','2025-05-30 09:48:07'),(363,8,'thesis_reject','Rejected thesis submission 239',239,'thesis_submission','2025-05-30 10:00:49'),(364,8,'thesis_delete','Deleted published thesis 128',128,'published_thesis','2025-05-30 10:01:23'),(365,39,'thesis_permanent_delete','Permanently deleted thesis: 239',239,'thesis_submission','2025-06-02 01:45:09'),(366,39,'thesis_permanent_delete','Permanently deleted thesis: 239',239,'thesis_submission','2025-06-02 01:47:20'),(367,39,'thesis_reject','Rejected thesis submission 238',238,'thesis_submission','2025-06-08 14:28:31'),(368,39,'thesis_archive','Archived published thesis 127',127,'published_thesis','2025-06-08 14:41:09'),(369,39,'thesis_archive','Archived published thesis 113',113,'published_thesis','2025-06-08 14:42:20'),(370,39,'thesis_archive','Archived thesis 113',113,'published_thesis','2025-06-08 14:46:14'),(371,39,'thesis_restore','Restored thesis from archive: 113',113,'published_theses','2025-06-08 14:46:25'),(372,39,'thesis_archive','Archived thesis 113',113,'published_thesis','2025-06-08 14:46:39'),(373,39,'thesis_restore','Restored thesis from archive: 113',113,'published_theses','2025-06-08 14:46:45'),(374,39,'thesis_archive','Archived thesis 113',113,'published_thesis','2025-06-08 14:52:37'),(375,39,'thesis_restore','Restored thesis from archive: 113',113,'published_theses','2025-06-08 14:52:43'),(376,8,'thesis_archive','Archived thesis 109',109,'published_thesis','2025-06-08 15:07:24'),(377,8,'thesis_restore','Restored thesis from archive: 109',109,'published_theses','2025-06-08 15:07:33'),(378,8,'thesis_upload','Uploaded new thesis file: 2023_FACIAL_RECOGNITION_FOR_PAYROLL_AND_ATTENDANCE.jpg',241,'thesis_submission','2025-06-08 15:13:10'),(379,8,'thesis_publish','Approved and published thesis submission 241',129,'published_thesis','2025-06-08 15:13:33');
/*!40000 ALTER TABLE `admin_action_history` ENABLE KEYS */;
UNLOCK TABLES;

--
-- Table structure for table `categories`
--

DROP TABLE IF EXISTS `categories`;
/*!40101 SET @saved_cs_client     = @@character_set_client */;
/*!50503 SET character_set_client = utf8mb4 */;
CREATE TABLE `categories` (
  `id` int NOT NULL AUTO_INCREMENT,
  `name` varchar(100) NOT NULL,
  `description` text,
  `created_at` timestamp NULL DEFAULT CURRENT_TIMESTAMP,
  PRIMARY KEY (`id`)
) ENGINE=InnoDB AUTO_INCREMENT=22 DEFAULT CHARSET=utf8mb3;
/*!40101 SET character_set_client = @saved_cs_client */;

--
-- Dumping data for table `categories`
--

LOCK TABLES `categories` WRITE;
/*!40000 ALTER TABLE `categories` DISABLE KEYS */;
INSERT INTO `categories` VALUES (12,'Algorithm','Anything related to Algorithm','2025-05-29 12:57:39'),(13,'System','Anything related to System','2025-05-29 12:58:11'),(14,'Mobile','Anything Mobile Related','2025-05-29 12:58:24'),(15,'Facial Recognition','Anything related to Facial Recognition','2025-05-29 12:58:53'),(16,'Medical Field','Anything related to Medicine','2025-05-29 13:00:08'),(17,'Machine Learning','Anything related to Machine Learning','2025-05-29 13:01:37'),(18,'RFID','Anything related to RFID','2025-05-29 14:14:12'),(19,'Data Analytics','Anything related to Data Analytics','2025-05-29 14:20:26'),(20,'Gamification','Anything related to Gamification','2025-05-29 14:25:28'),(21,'Computer Vision',NULL,'2025-06-08 15:13:13');
/*!40000 ALTER TABLE `categories` ENABLE KEYS */;
UNLOCK TABLES;

--
-- Table structure for table `published_theses`
--

DROP TABLE IF EXISTS `published_theses`;
/*!40101 SET @saved_cs_client     = @@character_set_client */;
/*!50503 SET character_set_client = utf8mb4 */;
CREATE TABLE `published_theses` (
  `id` int NOT NULL AUTO_INCREMENT,
  `submission_id` int NOT NULL,
  `file_path` varchar(255) COLLATE utf8mb4_general_ci NOT NULL,
  `title` varchar(255) COLLATE utf8mb4_general_ci NOT NULL,
  `authors` text COLLATE utf8mb4_general_ci NOT NULL,
  `school` varchar(255) COLLATE utf8mb4_general_ci NOT NULL,
  `year_made` varchar(4) COLLATE utf8mb4_general_ci NOT NULL,
  `keywords` varchar(255) COLLATE utf8mb4_general_ci DEFAULT NULL,
  `published_by` int NOT NULL,
  `published_at` timestamp NOT NULL DEFAULT CURRENT_TIMESTAMP,
  `num_pages` int DEFAULT NULL,
  `is_archived` tinyint(1) DEFAULT '0',
  `archived_at` datetime DEFAULT NULL,
  `deletion_scheduled` datetime DEFAULT NULL,
  PRIMARY KEY (`id`),
  KEY `submission_id` (`submission_id`),
  KEY `published_by` (`published_by`),
  FULLTEXT KEY `ft_title` (`title`),
  FULLTEXT KEY `ft_authors` (`authors`),
  FULLTEXT KEY `ft_keywords` (`keywords`),
  CONSTRAINT `fk_published_submission` FOREIGN KEY (`submission_id`) REFERENCES `thesis_submissions` (`id`),
  CONSTRAINT `published_theses_ibfk_1` FOREIGN KEY (`submission_id`) REFERENCES `thesis_submissions` (`id`),
  CONSTRAINT `published_theses_ibfk_2` FOREIGN KEY (`published_by`) REFERENCES `users` (`id`)
) ENGINE=InnoDB AUTO_INCREMENT=130 DEFAULT CHARSET=utf8mb4 COLLATE=utf8mb4_general_ci;
/*!40101 SET character_set_client = @saved_cs_client */;

--
-- Dumping data for table `published_theses`
--

LOCK TABLES `published_theses` WRITE;
/*!40000 ALTER TABLE `published_theses` DISABLE KEYS */;
INSERT INTO `published_theses` VALUES (109,205,'/home/CSThesisHub2025/Thesis1/flask_auth_app/static/uploads/published/205_GEOSPATIAL_IDENTIFICATION_OF_POVERTY_AREAS_MACHINE_LEARNING_APPROACH_FOR_DSWD_IMUS.pdf','GEOSPATIAL IDENTIFICATION OF POVERTY AREAS: MACHINE LEARNING APPROACH FOR DSWD IMUS','ROMMEL M MACAPOBRE, NIRO S REGALADO','Cavite State University - Imus Campus','2024',NULL,8,'2025-05-29 13:03:26',9,0,NULL,NULL),(110,206,'/home/CSThesisHub2025/Thesis1/flask_auth_app/static/uploads/published/206_CVSU_IMUS_ANDROID_MAPPING_APP_ENHANCING_CAMPUS_ACCESSIBILITY_AND_EFFICIENCY.pdf','CVSU IMUS ANDROID MAPPING APP: ENHANCING CAMPUS ACCESSIBILITY AND EFFICIENCY','ANDRES, JOHN RYAN L, BERBASA SHAUN PRINCE L, JOROLAN VINCE LOUPER R','Cavite State University - Imus Campus','2022',NULL,8,'2025-05-29 13:04:46',6,0,NULL,NULL),(112,215,'/home/CSThesisHub2025/Thesis1/flask_auth_app/static/uploads/published/215_GaPa_STUDENT_GATE_PASS_INFORMATION_SYSTEM_USING_RFID_WITH_METAL_DETECTOR_FOR_CAVITE_STATE_UNIVERSITY_-_IMUS_CAMPUS.pdf','GaPa: STUDENT GATE PASS INFORMATION SYSTEM USING RFID WITH METAL DETECTOR FOR CAVITE STATE UNIVERSITY - IMUS CAMPUS','BORJA ANDREA, MARTIN ELEINA, MEDALLA ALMIRA L','Cavite State University - Imus Campus','2023',NULL,8,'2025-05-29 14:14:42',6,0,NULL,NULL),(113,217,'/home/CSThesisHub2025/Thesis1/flask_auth_app/static/uploads/published/217_LOST_CATS_AND_DOGS_REPORTING_AND_REGISTRATION_SYSTEM_FOR_IMUS_ANIMAL_POUND_WITH_BREED_IDENTIFIER.pdf','LOST CATS AND DOGS REPORTING AND REGISTRATION SYSTEM FOR IMUS ANIMAL POUND WITH BREED IDENTIFIER','SALES MERLIN MIGUEL C. DE JUAN MARTIENE ANN, PEREZ ACE J','Cavite State University - Imus Campus','2023',NULL,8,'2025-05-29 14:16:21',5,0,NULL,NULL),(114,218,'/home/CSThesisHub2025/Thesis1/flask_auth_app/static/uploads/published/218_SUBSURFACE_IRRIGATION_SYSTEM_FOR_SAUR_FARM_USING_THRESHOLD_ALGORITHM.pdf','SUBSURFACE IRRIGATION SYSTEM FOR SAUR FARM USING THRESHOLD ALGORITHM','CAPUA ANTHONY D, OLAIRA ZAMIR, CARRASCO CARLOS MIGUEL I','Cavite State University - Imus Campus','2023',NULL,8,'2025-05-29 14:18:34',5,0,NULL,NULL),(115,219,'/home/CSThesisHub2025/Thesis1/flask_auth_app/static/uploads/published/219_ENHANCING_WORKFORCE_MANAGEMENT_IMPLEMENTING_A_DATA_ANALYTICS_DRIVEN_EMPLOYMENT_SYSTEM_FOR_PESO_IMUS.pdf','ENHANCING WORKFORCE MANAGEMENT: IMPLEMENTING A DATA ANALYTICS DRIVEN EMPLOYMENT SYSTEM FOR PESO IMUS','ABUT RENZ MARK, ESPINEA PAUL CHRISTIAN, ESPINEA PAUL CHRISTIAN','Cavite State University - Imus Campus','2024',NULL,8,'2025-05-29 14:20:54',4,0,NULL,NULL),(116,220,'/home/CSThesisHub2025/Thesis1/flask_auth_app/static/uploads/published/220_AN_ONLINE_VOTING_SYSTEM_FOR_CAVITE_STATE_UNIVERSITY_IMUS_CAMPUS.pdf','AN ONLINE VOTING SYSTEM FOR CAVITE STATE UNIVERSITY IMUS CAMPUS','CHRISTIAN ANDREY TURLA SALONOY, DIANA ALTAREJOS GUTIERREZ, ERICA SHEINA LANSANG BERTULFO','Cavite State University - Imus Campus','2022',NULL,8,'2025-05-29 14:21:44',5,0,NULL,NULL),(117,221,'/home/CSThesisHub2025/Thesis1/flask_auth_app/static/uploads/published/221_BARANGAY_ALAPAN_-_2A_IMUS_CITY_CAVITE_HEALTH_CENTER_SYSTEM_WITH_DATA_ANALYTICS_SYSTEM_AND_EMAIL_NOTIFICATION.pdf','BARANGAY ALAPAN - 2A, IMUS CITY, CAVITE HEALTH CENTER SYSTEM WITH DATA ANALYTICS SYSTEM AND EMAIL NOTIFICATION','MARASIGAN KATRINA ALEXA Q, CEREZO JOVANY T, MAGDUA JEZEL A','Cavite State University - Imus Campus','2022',NULL,8,'2025-05-29 14:22:43',6,0,NULL,NULL),(118,222,'/home/CSThesisHub2025/Thesis1/flask_auth_app/static/uploads/published/222_CLOUD-BASED_INVENTORY_MANAGEMENT_SYSTEM_WITH_QR_CODE_FOR_SUPPLIES_OFFICE_IN_CAVITE_STATE_UNIVERSITY-IMUS_ENHANCING_EFFICIENCY_AND_ACCESSIBILITY.pdf','CLOUD-BASED INVENTORY MANAGEMENT SYSTEM WITH QR CODE FOR SUPPLIES OFFICE IN CAVITE STATE UNIVERSITY-IMUS: ENHANCING EFFICIENCY AND ACCESSIBILITY','KEICE V ZOLETA, JOVELYN A DELA CRUZ, MARIA CRISANTA P BORJA','Cavite State University - Imus Campus','2024',NULL,8,'2025-05-29 14:24:07',7,0,NULL,NULL),(120,224,'/home/CSThesisHub2025/Thesis1/flask_auth_app/static/uploads/published/224_GAME_SIMULATION_FOR_ALTERNATIVE_LEARNING_IN_BASIC_PYTHON_FOR_CS_AND_IT_STUDENTS_OF_CAVITE_STATE_UNIVERSITY_-_IMUS_CAMPUS.pdf','GAME SIMULATION FOR ALTERNATIVE LEARNING IN BASIC PYTHON FOR CS AND IT STUDENTS OF CAVITE STATE UNIVERSITY - IMUS CAMPUS','GARGAR GLENN ACE LIMWELL B, GERVACIO RONNETH, TOPACIO KHAIZTER','Cavite State University - Imus Campus','2023',NULL,8,'2025-05-29 14:27:06',4,0,NULL,NULL),(122,225,'/home/CSThesisHub2025/Thesis1/flask_auth_app/static/uploads/published/225_MOBILE_EXAMINATION_CHECKER_APPLICATION_FOR_CAVITE_STATE_UNIVERSITY_-_IMUS_CAMPUS.pdf','MOBILE EXAMINATION CHECKER APPLICATION FOR CAVITE STATE UNIVERSITY - IMUS CAMPUS','JEIGO M RUBIS, CHRISTINNE LOR P RAMOS, RENZO A OMPAD','Cavite State University - Imus Campus','2022',NULL,8,'2025-05-29 14:28:43',5,0,NULL,NULL),(123,226,'/home/CSThesisHub2025/Thesis1/flask_auth_app/static/uploads/published/226_ONLINE_CLASS_ATTENDANCE_AND_RECITATION_MONITORING_SYSTEM.pdf','ONLINE CLASS ATTENDANCE AND RECITATION MONITORING SYSTEM','SOMIDO ALJON, PAYOMO JERRICO O, ARMENTA JOHN AIVAN G','Cavite State University - Imus Campus','2022',NULL,8,'2025-05-29 14:30:29',4,0,NULL,NULL),(127,234,'/home/CSThesisHub2025/Thesis1/flask_auth_app/static/uploads/published/234_ENHANCING_VIRTUAL_CONFERENCING_THE_INTEGRATION_OF_GAMIFICATION_IN_AN_INTERACTIVE_3D_SPACE_ENVIRONMENT.pdf','ENHANCING VIRTUAL CONFERENCING: THE INTEGRATION OF GAMIFICATION IN AN INTERACTIVE 3D SPACE ENVIRONMENT','CHARNELLE P ESTRIBOR, FRANZ EMSLEY L MANIBOG, KERCHEI C PALEN','Cavite State University - Imus Campus','2024',NULL,8,'2025-05-30 03:59:27',5,0,'2025-06-08 14:41:10',NULL),(129,241,'/home/CSThesisHub2025/Thesis1/flask_auth_app/static/uploads/published/241_FACIAL_RECOGNITION_FOR_PAYROLL_AND_ATTENDANCE_OF_NON-ACADEMIC_EMPLOYEES_OF_CAVITE_STATE_UNIVERSITY_-_IMUS_CAMPUS.pdf','FACIAL RECOGNITION FOR PAYROLL AND ATTENDANCE OF NON-ACADEMIC EMPLOYEES OF CAVITE STATE UNIVERSITY - IMUS CAMPUS','BALTAZAR SHANNEN ROSE D, BAYER JOHN LIMUEL P, DALANGIN JANINA KEITH G','Cavite State University - Imus Campus','2023',NULL,8,'2025-06-08 15:13:33',4,0,NULL,NULL);
/*!40000 ALTER TABLE `published_theses` ENABLE KEYS */;
UNLOCK TABLES;

--
-- Table structure for table `thesis_categories`
--

DROP TABLE IF EXISTS `thesis_categories`;
/*!40101 SET @saved_cs_client     = @@character_set_client */;
/*!50503 SET character_set_client = utf8mb4 */;
CREATE TABLE `thesis_categories` (
  `thesis_id` int NOT NULL,
  `category_id` int NOT NULL,
  PRIMARY KEY (`thesis_id`,`category_id`),
  KEY `category_id` (`category_id`),
  CONSTRAINT `thesis_categories_ibfk_1` FOREIGN KEY (`thesis_id`) REFERENCES `published_theses` (`id`) ON DELETE CASCADE,
  CONSTRAINT `thesis_categories_ibfk_2` FOREIGN KEY (`category_id`) REFERENCES `categories` (`id`) ON DELETE CASCADE
) ENGINE=InnoDB DEFAULT CHARSET=utf8mb3;
/*!40101 SET character_set_client = @saved_cs_client */;

--
-- Dumping data for table `thesis_categories`
--

LOCK TABLES `thesis_categories` WRITE;
/*!40000 ALTER TABLE `thesis_categories` DISABLE KEYS */;
INSERT INTO `thesis_categories` VALUES (114,12),(112,13),(113,13),(114,13),(115,13),(116,13),(117,13),(118,13),(123,13),(110,14),(122,14),(129,15),(117,16),(109,17),(112,18),(118,18),(115,19),(117,19),(120,20),(127,20),(129,21);
/*!40000 ALTER TABLE `thesis_categories` ENABLE KEYS */;
UNLOCK TABLES;

--
-- Table structure for table `thesis_pages`
--

DROP TABLE IF EXISTS `thesis_pages`;
/*!40101 SET @saved_cs_client     = @@character_set_client */;
/*!50503 SET character_set_client = utf8mb4 */;
CREATE TABLE `thesis_pages` (
  `id` int NOT NULL AUTO_INCREMENT,
  `thesis_id` int NOT NULL,
  `page_number` int NOT NULL,
  `page_text` text COLLATE utf8mb4_general_ci,
  PRIMARY KEY (`id`),
  KEY `thesis_id` (`thesis_id`),
  FULLTEXT KEY `ft_page_text` (`page_text`),
  FULLTEXT KEY `page_text` (`page_text`),
  CONSTRAINT `thesis_pages_ibfk_1` FOREIGN KEY (`thesis_id`) REFERENCES `published_theses` (`id`)
) ENGINE=InnoDB AUTO_INCREMENT=365 DEFAULT CHARSET=utf8mb4 COLLATE=utf8mb4_general_ci;
/*!40101 SET character_set_client = @saved_cs_client */;

--
-- Dumping data for table `thesis_pages`
--

LOCK TABLES `thesis_pages` WRITE;
/*!40000 ALTER TABLE `thesis_pages` DISABLE KEYS */;
INSERT INTO `thesis_pages` VALUES (251,109,1,'CamScanner\n'),(252,109,2,'CamScanner\n'),(253,109,3,'CamScanner\n'),(254,109,4,'CamScanner\n'),(255,109,5,'CamScanner\n'),(256,109,6,'CamScanner\n'),(257,109,7,'CamScanner\n'),(258,109,8,'CamScanner\n'),(259,109,9,'CamScanner\n'),(260,110,1,'CamScanner\n'),(261,110,2,'CamScanner\n'),(262,110,3,'CamScanner\n'),(263,110,4,'CamScanner\n'),(264,110,5,'CamScanner\n'),(265,110,6,'CamScanner\n'),(272,112,1,'CamScanner\n'),(273,112,2,'CamScanner\n'),(274,112,3,'CamScanner\n'),(275,112,4,'CamScanner\n'),(276,112,5,'CamScanner\n'),(277,112,6,'CamScanner\n'),(278,113,1,'CamScanner\n'),(279,113,2,'CamScanner\n'),(280,113,3,'CamScanner\n'),(281,113,4,'CamScanner\n'),(282,113,5,'CamScanner\n'),(283,114,1,'CamScanner\n'),(284,114,2,'CamScanner\n'),(285,114,3,'CamScanner\n'),(286,114,4,'CamScanner\n'),(287,114,5,'CamScanner\n'),(288,115,1,'CamScanner\n'),(289,115,2,'CamScanner\n'),(290,115,3,'CamScanner\n'),(291,115,4,'CamScanner\n'),(292,116,1,'CamScanner\n'),(293,116,2,'CamScanner\n'),(294,116,3,'CamScanner\n'),(295,116,4,'CamScanner\n'),(296,116,5,'CamScanner\n'),(297,117,1,'CamScanner\n'),(298,117,2,'CamScanner\n'),(299,117,3,'CamScanner\n'),(300,117,4,'CamScanner\n'),(301,117,5,'CamScanner\n'),(302,117,6,'CamScanner\n'),(303,118,1,'CamScanner\n'),(304,118,2,'CamScanner\n'),(305,118,3,'CamScanner\n'),(306,118,4,'CamScanner\n'),(307,118,5,'CamScanner\n'),(308,118,6,'CamScanner\n'),(309,118,7,'CamScanner\n'),(315,120,1,'CamScanner\n'),(316,120,2,'CamScanner\n'),(317,120,3,'CamScanner\n'),(318,120,4,'CamScanner\n'),(324,122,1,'CamScanner\n'),(325,122,2,'CamScanner\n'),(326,122,3,'CamScanner\n'),(327,122,4,'CamScanner\n'),(328,122,5,'CamScanner\n'),(329,123,1,'CamScanner\n'),(330,123,2,'CamScanner\n'),(331,123,3,'CamScanner\n'),(332,123,4,'CamScanner\n'),(351,127,1,'CamScanner\n'),(352,127,2,'CamScanner\n'),(353,127,3,'CamScanner\n'),(354,127,4,'CamScanner\n'),(355,127,5,'CamScanner\n'),(361,129,1,'CamScanner\n'),(362,129,2,'CamScanner\n'),(363,129,3,'CamScanner\n'),(364,129,4,'CamScanner\n');
/*!40000 ALTER TABLE `thesis_pages` ENABLE KEYS */;
UNLOCK TABLES;

--
-- Table structure for table `thesis_submissions`
--

DROP TABLE IF EXISTS `thesis_submissions`;
/*!40101 SET @saved_cs_client     = @@character_set_client */;
/*!50503 SET character_set_client = utf8mb4 */;
CREATE TABLE `thesis_submissions` (
  `id` int NOT NULL AUTO_INCREMENT,
  `admin_id` int NOT NULL,
  `file_path` varchar(255) COLLATE utf8mb4_general_ci DEFAULT NULL,
  `original_filename` varchar(255) COLLATE utf8mb4_general_ci DEFAULT NULL,
  `title` varchar(255) COLLATE utf8mb4_general_ci DEFAULT NULL,
  `authors` text COLLATE utf8mb4_general_ci,
  `school` varchar(255) COLLATE utf8mb4_general_ci DEFAULT NULL,
  `year_made` varchar(4) COLLATE utf8mb4_general_ci DEFAULT NULL,
  `keywords` text COLLATE utf8mb4_general_ci,
  `extracted_text` longtext COLLATE utf8mb4_general_ci,
  `status` enum('pending','approved','rejected') COLLATE utf8mb4_general_ci DEFAULT 'pending',
  `created_at` timestamp NOT NULL DEFAULT CURRENT_TIMESTAMP,
  `updated_at` timestamp NOT NULL DEFAULT CURRENT_TIMESTAMP ON UPDATE CURRENT_TIMESTAMP,
  `revised_file_path` varchar(255) COLLATE utf8mb4_general_ci DEFAULT NULL,
  `num_pages` int DEFAULT NULL,
  `deleted_at` datetime DEFAULT NULL,
  `file_persisted` tinyint(1) DEFAULT '0',
  `file_reuploaded` tinyint(1) DEFAULT '0',
  PRIMARY KEY (`id`),
  KEY `admin_id` (`admin_id`),
  CONSTRAINT `thesis_submissions_ibfk_1` FOREIGN KEY (`admin_id`) REFERENCES `users` (`id`)
) ENGINE=InnoDB AUTO_INCREMENT=242 DEFAULT CHARSET=utf8mb4 COLLATE=utf8mb4_general_ci;
/*!40101 SET character_set_client = @saved_cs_client */;

--
-- Dumping data for table `thesis_submissions`
--

LOCK TABLES `thesis_submissions` WRITE;
/*!40000 ALTER TABLE `thesis_submissions` DISABLE KEYS */;
INSERT INTO `thesis_submissions` VALUES (126,8,'/home/CSThesisHub2025/Thesis1/flask_auth_app/static/uploads/submissions/inbound3098643586525720391.jpg','inbound3098643586525720391.jpg','CLOUD-BASED INVENTORY MANAGEMENT SYSTEM WITH QR CODE FOR SUPPLIES OFFICE IN CAVITE STATE UNIVERSITY-IMUS: ENHANCING EFFICIENCY AND ACCESSIBILITY','MARIA CRISANTA P. BORJA, KEICE V. ZOLETA, JOVELYN A. DELA CRUZ','Cavite State University, Department of Computer Studies','2024','BASED, CAVITE, CAVITE STATE UNIVERSITY-IMUS, CLOUD, CLOUD-BASED INVENTORY MANAGEMENT SYSTEM, CODE, IMUS, INVENTORY, MANAGEMENT, OFFICE, QR, QR CODE, STATE, SUPPLIES, SUPPLIES OFFICE, SYSTEM, UNIVERSITY','CLOUD-BASED INVENTORY MANAGEMENT SYSTEM WITH QR CODE FOR\nSUPPLIES OFFICE IN CAVITE STATE UNIVERSITY-IMUS: ENHANCING\nEFFICIENCY AND ACCESSIBILITY\n\nUndergraduate Thesis\n\' Submitted to the Faculty of the\nDepartment of Computer Studies\nCavite State University\nImus, Cavite\n\nIn partial fulfillment\nof the requirements for the degree\nBachelor of Science in Computer Science\n\nMARIA CRISANTA Ps\nJOVELYN A. DELA\nKEICE V. Wika\nSeptember 2','approved','2025-05-22 03:09:19','2025-05-22 03:10:46',NULL,0,NULL,0,0),(127,8,'/home/CSThesisHub2025/Thesis1/flask_auth_app/static/uploads/submissions/17478965550651979787263740646913.jpg','17478965550651979787263740646913.jpg','INTEGRATED FIRE MONITORING AND ANALYSIS SYSTEM: UTILIZING API FOR REAL-TIME MAPPING, VULNERABILITY','MOHAMAD ALI A. CALANDA\r\nJANNA MAY P. GENSAYA\r\nSHARMINE D. TABUADA','Cavite State University, Department of Computer Studies','2024','ANALYSIS, API, FIRE, INTEGRATED, MAPPING, MONITORING, REAL-TIME MAPPING, SYSTEM, TIME, VULNERABILITY','INTEGRATED FIRE MONITORING AND ANALYSIS SYSTEM: UTILIZING\nAPI FOR REAL-TIME MAPPING, VULNERABILITY\nASSESSMENT, AND DATA LOGGING\n\nUndergraduate Thesis\nSubmitted to the Faculty of the\nDepartment of Computer Studies\nCavite State University\nImus City, Cavite.\n\nIn partial fulfillment\nof the requirements for the degree\nBachelor of Science in Computer Science\n\nMOHAMAD ALI A. CALANDA\nJANNA MAY P. GENSAYA\nSHARMINE D. TABUADA\nSeptember 2024\n\n \n\nwa','approved','2025-05-22 06:50:00','2025-05-22 07:37:47',NULL,0,NULL,0,0),(129,8,'/home/CSThesisHub2025/Thesis1/flask_auth_app/static/uploads/submissions/1747898282727873027650982653134.jpg','1747898282727873027650982653134.jpg','MOBILE EXAMINATION CHECKER APPLICATION FOR','JEIGO M. RUBIS, RENZO A. OMPAD, CHRISTINNE LOR P. RAMOS','Cavite State University, Imus Campus','2022','APPLICATION, CHECKER, EXAMINATION, MOBILE, MOBILE EXAMINATION CHECKER APPLICATION','MOBILE EXAMINATION CHECKER APPLICATION FOR\nCAVITE STATE UNIVERSITY - IMUS CAMPUS\n\nAn Undergraduate Thesis\nSubmitted to the Department of the Computer Studies\nCavite State University- Imus Campus\nCity of Imus, Cavite\n\nIn partial fulfillment\nof the requirements for the degree\nBachelor of Science in Computer Science\n\nJEIGO M. RUBIS\nRENZO A. OMPAD\nCHRISTINNE LOR P. RAMOS\nJune, 2022','approved','2025-05-22 07:18:39','2025-05-22 07:19:23',NULL,0,NULL,0,0),(130,8,'/home/CSThesisHub2025/Thesis1/flask_auth_app/static/uploads/submissions/17478992663482207372581576045285.jpg','17478992663482207372581576045285.jpg','DEEPSIGN: A DEEP LEARNING MOBILE APPLICATION FOR REAL-TIME HAND','JOAQUIN, JEROME O, TORRIJOS, CHRISTIAN ANDREI L, MACASIAB, JOHN SEBASTIAN HENDRIX D','Cavite State University, Department of Computer Studies','2024','A DEEP LEARNING MOBILE APPLICATION, APPLICATION, DEEP, DEEPSICN, HAND, LEARNING, MOBILE, REAL-TIME HAND, TIME','DEEPSICN: A DEEP LEARNING MOBILE APPLICATION FOR REAL-TIME HAND\nURE RECOGNITION AND SIGN LANGUAGE INTERPRETATION\n\nUndergraduate Thesis\nSubmitted to the Faculty of\nDepartment of Computer Studies\nCavite State University\nCity of Imus, Cavite\n\nIn partial fulfillment\nof the requirements for the degree\nBachelor of Science in Computer Science\n\nJOAQUIN, JEROME O.\nMACASIAB, JOHN SEBASTIAN HENDRIX D.\nTORRIJOS, CHRISTIAN ANDREI L.\nSeptember 2024','approved','2025-05-22 07:35:00','2025-05-22 07:35:47',NULL,0,NULL,0,0),(131,8,'/home/CSThesisHub2025/Thesis1/flask_auth_app/static/uploads/submissions/131_AILUTO.pdf','Screenshot_20250522_154147_Drive.jpg','AILUTO IMAGE-BASED APPLICATION: UTILIZING SUPPORT VECTOR MACHINE WITH FILIPINO FOOD RECOGNITION AND RECIPE RETRIEVAL','JOSE CHRISTOPHER A. OJANO, JOLO MARCO B. RAMOS, GERWIN JAHZIEL N. OGOT','Cavite State University, Department of Computer Studies, Imus Campus','2024','AILUTO IMAGE-BASED APPLICATION, APPLICATION, BASED, FILIPINO, FILIPINO FOOD RECOGNITION, FOOD, IMAGE, MACHINE, RECOGNITION, SUPPORT, SUPPORT VECTOR MACHINE, VECTOR','AILUTO IMAGE-BASED APPLICATION: UTILIZING SUPPORT VECTOR\nMACHINE WITH FILIPINO FOOD RECOGNITION\nAND RECIPE RETRIEVAL\n\nUndergraduate Thesis\nSubmitted to the faculty of the\nDepartment of Computer Studies\nCavite State University  Imus Campus\nImus City, Cavite\n\ntn partial fulfillment\nof the requirements for the degree\nBachelor of Science in Computer Science\n\nGERWIN JAHZIEL N. OGOT\nJOSE CHRISTOPHER A. OJANO\nJOLO MARCO B. RAMOS\n\nSeptember 2024 >','approved','2025-05-22 07:45:17','2025-05-22 07:49:32',NULL,5,NULL,1,1),(133,8,'/home/CSThesisHub2025/Thesis1/flask_auth_app/static/uploads/submissions/133_AILUTO.pdf','Screenshot_20250522_154147_Drive.jpg','AILUTO IMAGE-BASED APPLICATION: UTILIZING SUPPORT VECTOR MACHINE WITH FILIPINO FOOD RECOGNITION','GERWIN JAHZIEL N. OGOT  JOSE CHRISTOPHER A. OJANO, JOLO MARCO B. RAMOS','Cavite State University, Department of Computer Studies, Imus Campus','2024','AILUTO IMAGE-BASED APPLICATION, APPLICATION, BASED, FILIPINO, FILIPINO FOOD RECOGNITION, FOOD, IMAGE, MACHINE, RECOGNITION, SUPPORT, SUPPORT VECTOR MACHINE, VECTOR','AILUTO IMAGE-BASED APPLICATION: UTILIZING SUPPORT VECTOR\nMACHINE WITH FILIPINO FOOD RECOGNITION\nAND RECIPE RETRIEVAL\n\nUndergraduate Thesis\nSubmitted to the faculty of the\nDepartment of Computer Studies\nCavite State University  Imus Campus\nImus City, Cavite\n\ntn partial fulfillment\nof the requirements for the degree\nBachelor of Science in Computer Science\n\nGERWIN JAHZIEL N. OGOT\nJOSE CHRISTOPHER A. OJANO\nJOLO MARCO B. RAMOS\n\nSeptember 2024 >','approved','2025-05-22 07:53:31','2025-05-22 07:54:01',NULL,5,NULL,1,1),(134,8,'/home/CSThesisHub2025/Thesis1/flask_auth_app/static/uploads/submissions/134_GEOSPATIAL_IDENTIFICATION_OF_POVERTY_.pdf','GEOSPATIAL_IDENTIFICATION_OF_POVERTY.jpg','GEOSPATIAL IDENTIFICATION OF POVERTY AREAS: MACHINE LEARNING APPROACH FOR DSWD IMUS','ROMMEL M. MACAPOBRE, NINO S. REGALADO','Cavite State University, Department of Computer Studies','2024','AREAS, GEOSPATIAL, GEOSPATIAL IDENTIFICATION, IDENTIFICATION, LEARNING, MACHINE, MACHINE LEARNING, POVERTY, POVERTY AREAS','GEOSPATIAL IDENTIFICATION OF POVERTY AREAS: MACHINE LEARNING\nAPPROACH FOR DSWD IMUS\n\nUndergraduate Thesis\nSubmitted to the Faculty of the\nDepartment of Computer Studies\nCavite State University\nImus, Cavite\n\nIn partial fulfilment\nof the requirements for the degree\nBachelor of Science in Computer Science\n\nROMMEL M. MACAPOBRE\nNIRO S. REGALADO\nSeptember 2024','approved','2025-05-22 12:46:37','2025-05-22 12:47:58',NULL,9,NULL,1,1),(135,8,'/home/CSThesisHub2025/Thesis1/flask_auth_app/static/uploads/submissions/135_AN_ONLINE_VOTING_SYSTEM_FOR_CAVITE_STATE_UNIVERSITY.pdf','AN_ONLINE_VOTING_SYSTEM.jpg','AN ONLINE VOTING SYSTEM FOR CAVITE STATE UNIVERSITY IMUS CAMPUS','CHRISTIAN ANDREY TURLA SALONOY, DIANA ALTAREJOS GUTIERREZ, ERICA SHEINA LANSANG BERTULFO','Cavite State University, Department of Computer Studies, Imus Campus','2022','ONLINE VOTING SYSTEM, SYSTEM, VOTING','AN ONLINE VOTING SYSTEM FOR CAVITE STATE UNIVERSITY IMUS CAMPUS\n\nUndergraduate Thesis\nSubmitted to the Faculty of the\nDepartment of Computer Studies\nCavite State University  Imus Campus\n\nIn partial fulfillment of the\nRequirements for the degree\nBachelor of Science in Computer Science\n\nCHRISTIAN ANDREY TURLA SALONOY\nDIANA ALTAREJOS GUTIERREZ\nERICA SHEINA LANSANG BERTULFO\n\nJune 2022','approved','2025-05-22 12:49:46','2025-05-22 12:50:32',NULL,5,NULL,1,1),(136,8,'/home/CSThesisHub2025/Thesis1/flask_auth_app/static/uploads/submissions/136_WEB_BASED_CONTACT_TRACING_SYSTEM.pdf','WEB-BASED_CONTACT_TRACING_SYSTEM.jpg','WEB-BASED CONTACT TRACING SYSTEM FOR THE COMMUNITY OF IMUS','JEREMY T. BUENAOBRA, FRANCE REICIE F. PAGSANHAN, MA. ANGELICA L. QUILACIO','Cavite State University, Department of Computer Studies, Imus Campus','2022','CONTACT, SYSTEM, TRACING, WEB, WEB-BASED CONTACT TRACING SYSTEM','WEB-BASED CONTACT TRACING SYSTEM\nFOR THE COMMUNITY OF IMUS\n\nUndergraduate Thesis\nSubmitted to the Faculty of the\nDepartment of Computer Studies\nCavite State University  Imus Campus\nImus City, Cavite\n\nIn partial fulfillment of the\nRequirements for the degree\nBachelor of Science in Computer Science\n\nDAVID JEREMY T. BUENAOBRA\nFRANCE REICIE F. PAGSANHAN\nMA. ANGELICA L. QUILACIO\nJune 2022','approved','2025-05-22 12:51:27','2025-05-22 12:52:53',NULL,7,NULL,1,1),(137,8,'/home/CSThesisHub2025/Thesis1/flask_auth_app/static/uploads/submissions/137_CLOUD_BASED_INVENTORY_MANAGEMENT_SYSTEM_WITH_QR_CODE_FOR_SUPPLIES_OFFICE_IN_CAVITE_STATE_UNIVERSITY_IMUS_ENHANCING_EFFICIENCY_ANF_ACCESSIBILITY.pdf','CLOUD-BASED_INVENTORY_MANAGEMENT_SYSTEM.jpg','CLOUD-BASED INVENTORY MANAGEMENT SYSTEM WITH QR CODE FOR SUPPLIES OFFICE IN CAVITE STATE UNIVERSITY-IMUS: ENHANCING EFFICIENCY AND ACCESSIBILITY','MARIA CRISANTA P. BORJA, JOVELYN A, DELA CRUZ, KEICE V. ZOLETA','Cavite State University, Department of Computer Studies','2024','BASED, CAVITE, CAVITE STATE UNIVERSITY-IMUS, CLOUD, CLOUD-BASED INVENTORY MANAGEMENT SYSTEM, CODE, IMUS, INVENTORY, MANAGEMENT, OFFICE, QR, QR CODE, STATE, SUPPLIES, SUPPLIES OFFICE, SYSTEM, UNIVERSITY','CLOUD-BASED INVENTORY MANAGEMENT SYSTEM WITH QR CODE FOR\nSUPPLIES OFFICE IN CAVITE STATE UNIVERSITY-IMUS: ENHANCING\nEFFICIENCY AND ACCESSIBILITY\n\nUndergraduate Thesis\n* Submitted to the Faculty of the\nDepartment of Computer Studies\nCavite State University\nImus, Cavite\n\nIn partial fulfillment\nof the requirements for the degree\nBachelor of Science in Computer Science\n\nMARIA CRISANTA P. BORJA\nJOVELYN A, DELA CRUZ\nKEICE V. ZOLETA\nSeptember 2024','approved','2025-05-22 12:53:24','2025-05-22 12:54:28',NULL,7,NULL,1,1),(138,8,'/home/CSThesisHub2025/Thesis1/flask_auth_app/static/uploads/submissions/138_CVSU_IMUS_ANDROID_MAPPING.pdf','2022_CVSU_IMUS_ANDROID_MAPPING_APP.jpg','CVSU IMUS ANDROID MAPPING APP: ENHANCING CAMPUS ACCESSIBILITY AND EFFICIENCY','ANDRES, JOHN RYAN L, BERBASA, SHAUN PRINCE L, JOROLAN, VINCE LOUPER R','Cavite State University, Department of Computer Studies, Imus Campus','2022','ACCESSIBILITY, ANDROID, APP, CAMPUS, CAMPUS ACCESSIBILITY, CVSU, MAPPING','CVSU IMUS ANDROID MAPPING APP: ENHANCING CAMPUS ACCESSIBILITY\nAND EFFICIENCY\n\nUndergraduate Thesis\nSubmitted to the Faculty of the\nDepartment of Computer Studies\nCavite State University  Imus Campus\nImus City, Cavite\n\nIn partial fulfillment of the\nRequirements for the degree\nBachelor of Science in Computer Science\n\nANDRES, JOHN RYAN L\nBERBASA, SHAUN PRINCE L\nJOROLAN, VINCE LOUPER R\n\nAugust 2022','approved','2025-05-22 13:03:18','2025-05-22 13:04:20',NULL,6,NULL,1,1),(139,8,'/home/CSThesisHub2025/Thesis1/flask_auth_app/static/uploads/submissions/139_FACIAL_RECOGNITION_FOR_PAYROLL_AND_ATTENDANCE.pdf','2023_FACIAL_RECOGNITION_FOR_PAYROLL_AND_ATTENDANCE.jpg','FACIAL RECOGNITION FOR PAYROLL AND ATTENDANCE OF NON-ACADEMIC EMPLOYEES OF CAVITE STATE UNIVERSITY - IMUS CAMPUS','BALTAZAR, SHANNEN ROSE D., BAYER, JOHN LIMUEL P., DALANGIN, JANINA KEITH G.','Cavite State University','2023','NON-ACADEMIC, ATTENDANCE, FACIAL RECOGNITION, NON, PAYROLL, RECOGNITION','FACIAL RECOGNITION FOR PAYROLL AND ATTENDANCE OF NON-ACADEMIC\nEMPLOYEES OF CAVITE STATE UNIVERSITY - IMUS CAMPUS\n\nAn Undergraduate Thesis\nSubmitted to the Faculty of the\nComputer Studies Department\n\nCavite State University\nImus, Cavite\n\nin partial fulfilment\nof the requirements for the degree\nBachelor of Science in Computer Science\n\nBALTAZAR, SHANNEN ROSE D.\nBAYER, JOHN LIMUEL P.\nDALANGIN, JANINA KEITH G,\nJuly 2023','approved','2025-05-22 13:04:59','2025-05-22 13:06:25',NULL,4,NULL,1,1),(140,8,'/home/CSThesisHub2025/Thesis1/flask_auth_app/static/uploads/submissions/140_GAPA_STUDENT_GATE_PASS_IS.pdf','2023_GAPA_STUDENT_GATE_PASS.jpg','GaPa: STUDENT GATE PASS INFORMATION SYSTEM USING RFID WITH METAL DETECTOR FOR CAVITE STATE UNIVERSITY - IMUS CAMPUS','BORJA, ANDREA MIRABELA D., MARTIN, ELEINA JOELLE G., DALL, ALMIRA L.','Cavite State University, Department of Computer Studies','2023','INFORMATION, INFORMATION SYSTEM, RFID, METAL DETECTOR, GATE PASS, STUDENT','GaPa: STUDENT GATE PASS INFORMATION SYSTEM USING RFID WITH\nMETAL DETECTOR FOR CAVITE STATE UNIVERSITY - IMUS CAMPUS\n\nUndergraduate Thesis\nsubmitted to the faculty of the\nDepartment of Computer Studies\nCavite State University\nImus, Cavite\n\nIn partial fulfillment\nof the requirements for the degree\nBachelor of Science in Computer Science\n\nBORJA, ANDREA MIRABELA D.\nMARTIN, ELEINA JOELLE G.\nMEDALLA, ALMIRA L.\n2023','approved','2025-05-22 13:06:52','2025-05-22 13:08:02',NULL,6,NULL,1,1),(141,8,'/home/CSThesisHub2025/Thesis1/flask_auth_app/static/uploads/submissions/141_LOST_CATS_AND_DOGS.pdf','2023_LOST_CATS_AND_DOGS.jpg','LOST CATS AND DOGS REPORTING AND REGISTRATION SYSTEM FOR IMUS ANIMAL POUND WITH BREED IDENTIFIER','SALES, MERLIN MIGUEL C., DE JUAN, MARTIENE ANN, PEREZ, ACE J.','Cavite State University, Department of Computer Studies, Imus Campus','2023','CATS, DOGS, DOGS REPORTING, IMUS, REGISTRATION SYSTEM, REPORTING, SYSTEM','LOST CATS AND DOGS REPORTING AND REGISTRATION SYSTEM FOR IMUS\nANIMAL POUND WITH BREED IDENTIFIER\n\nAn Undergraduate Thesis\nSubmitted to the Faculty of the\nDepartment of Computer Studies\nCavite State University\nImus Campus, Cavite City\n\nIn partial fulfillment\nof the requirement for the degree of\nBachelor of Science in Computer Science\n\nSALES, MERLIN MIGUEL C.\nDE JUAN, MARTIENE ANN\nPEREZ, ACE J.\n\nJuly 2023','approved','2025-05-22 13:08:34','2025-05-22 13:09:07',NULL,5,NULL,1,1),(142,8,'/home/CSThesisHub2025/Thesis1/flask_auth_app/static/uploads/submissions/142_SUBSURFACE_IRRIGATION_SYSTEM.pdf','2023_Subsurface_Irrigation_System_for_SAUR_FARM_Using_Treshhold_Algo.jpg','SUBSURFACE IRRIGATION SYSTEM FOR SAUR FARM USING THRESHOLD ALGORITHM','CAPUA, KYLE ANTHONY D., OLAIRA, ZAMIR, TIMOTHY V, CARRASCO, CARLOS MIGUEL I','Cavite State University, Department of Computer Studies','2023','FARM, IRRIGATION, SAUR, SAUR FARM, SUBSURFACE, SUBSURFACE IRRIGATION SYSTEM, SYSTEM','SUBSURFACE IRRIGATION SYSTEM FOR SAUR FARM USING\nTHRESHOLD ALGORITHM\n\nUndergraduate Thesis\nSubmitted to the faculty of the\nDepartment of Computer Studies\nCavite State University\nImus, Cavite\n\nIn partial fulfilment\nof the requirements for the degree\nBachelor of Science in Computer Science\n\nCAPUA, KYLE ANTHONY D.\nCARRASCO, CARLOS MIGUEL I.\nOLAIRA, ZAMIR TIMOTHY V.\nJuly 2023','approved','2025-05-22 13:09:49','2025-05-22 13:10:38',NULL,5,NULL,1,1),(143,8,'/home/CSThesisHub2025/Thesis1/flask_auth_app/static/uploads/submissions/143_ENHANCING_WORKFORCE.pdf','2024_ENHANCING_WORKFORCE_MANAGEMENT.jpg','ENHANCING WORKFORCE MANAGEMENT: IMPLEMENTING A DATA ANALYTICS DRIVEN EMPLOYMENT SYSTEM FOR PESO IMUS','ABUT, RENZ MARK, ESPINEA, PAUL CHRISTIAN, NEBRES, JOHN MICHAEL','Cavite State University, Department of Computer Studies, Imus Campus','2024','A DATA, DATA, MANAGEMENT, WORKFORCE, WORKFORCE MANAGEMENT, DATA, DATA DRIVEN, EMPLOYMENT, EMPLOYMENT SYSTEM, PESO','ENHANCING WORKFORCE MANAGEMENT: IMPLEMENTING A DATA\nANALYTICS DRIVEN EMPLOYMENT SYSTEM FOR PESO IMUS\n\nUndergraduate Thesis\nSubmitted to the Faculty of the\nDepartment of Computer Studies\nCavite State University - Imus Campus\nCity of Imus, Cavite\n\nIn partiat fulfillment of the\nRequirements for the degree\nBachelor Science in Computer Science\n\nABUT, RENZ MARK\nESPINEA, PAUL CHRISTIAN\nNEBRES, JOHN MICHAEL\nSeptember 2024','approved','2025-05-22 13:11:34','2025-05-22 13:13:25',NULL,4,NULL,1,1),(144,8,'/home/CSThesisHub2025/Thesis1/flask_auth_app/static/uploads/submissions/144_ENHANCING_VIRTUAL_CONFERENCING.pdf','ENHANCING_VIRTUAL_CONFERENCING.jpg','ENHANCING VIRTUAL CONFERENCING: THE INTEGRATION OF GAMIFICATION IN AN INTERACTIVE 3D SPACE ENVIRONMENT','CHARNELLE P. ESTRIBOR, FRANZ EMSLEY L. MANIBOG, KERCHEI C. PALEN','Cavite State University, Department of Computer Studies','2024','AN INTERACTIVE, CONFERENCING, GAMIFICATION, INTEGRATION, INTERACTIVE, THE INTEGRATION, VIRTUAL, VIRTUAL CONFERENCING','ENHANCING VIRTUAL CONFERENCING: THE INTEGRATION\nOF GAMIFICATION IN AN INTERACTIVE\n3D SPACE ENVIRONMENT\n\nUndergraduate Thesis\nSubmitted to the Facultyof the\nDepartment of Computer Studies\nCavite State University\nImus City, Cavite\n\nIn partial fulfillment\nOf the requirements for the degree\nBachelor of Science in Computer Science\n\nCHARNELLE P. ESTRIBOR\nFRANZ EMSLEY L. MANIBOG\nKERCHE! C. PALEN\nSeptember 2024','approved','2025-05-22 13:13:54','2025-05-22 13:14:48',NULL,5,NULL,1,1),(153,8,'/home/CSThesisHub2025/Thesis1/flask_auth_app/static/uploads/submissions/153_thesis1.pdf','thesis1.png','DEVELOPMENT OF A WLFI SECURITY APPLICATION FOR DETECTING AND MITIGATING EVIL TWIN ATTACKS','CZAR JOHN VILLAREAL, LOUISE MARK BANDOJA, VON PHILIPPE ACERO','Cavite State University, Department of Computer Studies, Imus Campus','2025','A WLFI SECURITY APPLICATION, APPLICATION, DETECTING, DEVELOPMENT, SECURITY, WLFI','DEVELOPMENT OF A WLFI SECURITY APPLICATION FOR DETECTING AND\nMITIGATING EVIL TWIN ATTACKS\n\nUndergraduate Thesis\nSubmitted to the Faculty of the\nDepartment of Computer Studies\nCavite State University - Imus Campus\nCity of Imus, Cavite\n\nIn partial fulfilment\nof the requirements for the degree\nBachelor of Science in Computer Science\n\nCZAR JOHN VILLAREAL\nLOUISE MARK BANDOJA,\nVON PHILIPPE ACERO\nJanuary 2025','approved','2025-05-25 05:53:49','2025-05-25 05:55:39',NULL,21,NULL,1,1),(157,8,'/home/CSThesisHub2025/Thesis1/flask_auth_app/static/uploads/submissions/157_GEOSPATIAL_IDENTIFICATION_OF_POVERTY_.pdf','GEOSPATIAL_IDENTIFICATION_OF_POVERTY.jpg','GEOSPATIAL IDENTIFICATION OF POVERTY AREAS: MACHINE LEARNING APPROACH FOR DSWD IMUS','ROMMEL M. MACAPOBRE, NIRO S. REGALADO','Cavite State University - Imus Campus','2024',NULL,'GEOSPATIAL IDENTIFICATION OF POVERTY AREAS: MACHINE LEARNING\nAPPROACH FOR DSWD IMUS\n\nUndergraduate Thesis\nSubmitted to the Faculty of the\nDepartment of Computer Studies\nCavite State University\nImus, Cavite\n\nIn partial fulfilment\nof the requirements for the degree\nBachelor of Science in Computer Science\n\nROMMEL M. MACAPOBRE\nNIRO S. REGALADO\nSeptember 2024','approved','2025-05-25 19:03:07','2025-05-29 12:27:20',NULL,9,NULL,1,1),(158,8,'/home/CSThesisHub2025/Thesis1/flask_auth_app/static/uploads/submissions/158_CVSU_IMUS_ANDROID_MAPPING.pdf','2022_CVSU_IMUS_ANDROID_MAPPING_APP.jpg','CVSU IMUS ANDROID MAPPING APP: ENHANCING CAMPUS ACCESSIBILITY','REQUIREMENTS FOR THE DEGREE','Cavite State University, Department of Computer Studies, Imus Campus','2022',NULL,'CVSU IMUS ANDROID MAPPING APP: ENHANCING CAMPUS ACCESSIBILITY\nAND EFFICIENCY\n\nUndergraduate Thesis\nSubmitted to the Faculty of the\nDepartment of Computer Studies\nCavite State University  Imus Campus\nImus City, Cavite\n\nIn partial fulfillment of the\nRequirements for the degree\nBachelor of Science in Computer Science\n\nANDRES, JOHN RYAN L\nBERBASA, SHAUN PRINCE L\nJOROLAN, VINCE LOUPER R\n\nAugust 2022','approved','2025-05-25 20:36:39','2025-05-25 20:38:32',NULL,6,NULL,1,1),(159,8,'/home/CSThesisHub2025/Thesis1/flask_auth_app/static/uploads/submissions/159_MOBILE_EXAMINATION_CHECKER.pdf','MOBILE_EXAMINATION_CHECKER.jpg','MOBILE EXAMINATION CHECKER APPLICATION FOR CAVITE STATE UNIVERSITY - IMUS CAMPUS','JEIGO M. RUBIS, RENZO A. OMPAD, CHRISTINNE LOR P. RAMOS','Cavite State University - Imus Campus','2022',NULL,'MOBILE EXAMINATION CHECKER APPLICATION FOR\nCAVITE STATE UNIVERSITY - IMUS CAMPUS\n\nAn Undergraduate Thesis\nSubmitted to the Department of the Computer Studies\nCavite State University- mus Campus\nCity of Imus, Cavite\n\nIn partial fulfillment\nof the requirements for the degree\nBachelor of Science in Computer Science\n\nJEIGO M. RUBIS\nRENZO A. OMPAD\nCHRISTINNE LOR P. RAMOS\nJune, 2022','approved','2025-05-25 20:42:51','2025-05-29 12:49:39',NULL,5,NULL,1,1),(160,8,'/home/CSThesisHub2025/Thesis1/flask_auth_app/static/uploads/submissions/160_CVSU_IMUS_ANDROID_MAPPING.pdf','2022_CVSU_IMUS_ANDROID_MAPPING_APP.jpg','CVSU IMUS ANDROID MAPPING APP: ENHANCING CAMPUS ACCESSIBILITY AND EFFICIENCY','ANDRES, JOHN RYAN L, BERBASA, SHAUN PRINCE L, JOROLAN, VINCE LOUPER R','Cavite State University - Imus Campus','2022',NULL,'CVSU IMUS ANDROID MAPPING APP: ENHANCING CAMPUS ACCESSIBILITY\nAND EFFICIENCY\n\nUndergraduate Thesis\nSubmitted to the Faculty of the\nDepartment of Computer Studies\nCavite State University  Imus Campus\nImus City, Cavite\n\nIn partial fulfillment of the\nRequirements for the degree\nBachelor of Science in Computer Science\n\nANDRES, JOHN RYAN L\nBERBASA, SHAUN PRINCE L\nJOROLAN, VINCE LOUPER R\n\nAugust 2022','approved','2025-05-25 20:46:42','2025-05-29 12:27:10',NULL,6,NULL,1,1),(162,8,'/home/CSThesisHub2025/Thesis1/flask_auth_app/static/uploads/submissions/162_FACIAL_RECOGNITION_FOR_PAYROLL_AND_ATTENDANCE.pdf','2023_FACIAL_RECOGNITION_FOR_PAYROLL_AND_ATTENDANCE.jpg','FACIAL RECOGNITION FOR PAYROLL AND ATTENDANCE OF NON-ACADEMIC EMPLOYEES OF CAVITE STATE UNIVERSITY - IMUS CAMPUS','BALTAZAR, SHANNEN ROSE D, BAYER, JOHN LIMUEL P, DALANGIN, JANINA KEITH G','Cavite State University','2023',NULL,'FACIAL RECOGNITION FOR PAYROLL AND ATTENDANCE OF NON-ACADEMIC\nEMPLOYEES OF CAVITE STATE UNIVERSITY - IMUS CAMPUS\n\nAn Undergraduate Thesis\nSubmitted to the Faculty of the\nComputer Studies Department\n\nCavite State University\nImus, Cavite\n\nin partial fulfilment\nof the requirements for the degree\nBachelor of Science in Computer Science\n\nBALTAZAR, SHANNEN ROSE D.\nBAYER, JOHN LIMUEL P.\nDALANGIN, JANINA KEITH G,\nJuly 2023','approved','2025-05-26 03:41:07','2025-05-26 03:42:03',NULL,4,NULL,1,1),(163,8,'/home/CSThesisHub2025/Thesis1/flask_auth_app/static/uploads/submissions/163_ENHANCING_WORKFORCE.pdf','2024_ENHANCING_WORKFORCE_MANAGEMENT.jpg','ENHANCING WORKFORCE MANAGEMENT: IMPLEMENTING A DATA ANALYTICS DRIVEN EMPLOYMENT SYSTEM FOR PESO IMUS','ABUT, RENZ MARK, ESPINEA, PAUL CHRISTIAN, NEBRES, JOHN MICHAEL','Cavite State University - Imus Campus','2024',NULL,'ENHANCING WORKFORCE MANAGEMENT: IMPLEMENTING A DATA\nANALYTICS DRIVEN EMPLOYMENT SYSTEM FOR PESO IMUS\n\nUndergraduate Thesis\nSubmitted to the Faculty of the\nDepartment of Computer Studies\nCavite State University - Imus Campus\nCity of Imus, Cavite\n\nIn partiat fulfillment of the\nRequirements for the degree\nBachelor Science in Computer Science\n\nABUT, RENZ MARK\nESPINEA, PAUL CHRISTIAN\nNEBRES, JOHN MICHAEL\nSeptember 2024','approved','2025-05-26 03:43:55','2025-05-29 12:27:00',NULL,4,NULL,1,1),(166,8,'/home/CSThesisHub2025/Thesis1/flask_auth_app/static/uploads/submissions/166_ENHANCING_VIRTUAL_CONFERENCING.pdf','ENHANCING_VIRTUAL_CONFERENCING.jpg','ENHANCING VIRTUAL CONFERENCING: THE INTEGRATION OF GAMIFICATION IN AN INTERACTIVE 3D SPACE ENVIRONMENT','CHARNELLE P. ESTRIBOR, FRANZ EMSLEY L. MANIBOG, KERCHEI C. PALEN','Cavite State University - Imus Campus','2024',NULL,'ENHANCING VIRTUAL CONFERENCING: THE INTEGRATION\nOF GAMIFICATION IN AN INTERACTIVE\n3D SPACE ENVIRONMENT\n\nUndergraduate Thesis\nSubmitted to the Facultyof the\nDepartment of Computer Studies\nCavite State University\nImus City, Cavite\n\nIn partial fulfillment\nOf the requirements for the degree\nBachelor of Science in Computer Science\n\nCHARNELLE P. ESTRIBOR\nFRANZ EMSLEY L. MANIBOG\nKERCHE! C. PALEN\nSeptember 2024','approved','2025-05-26 10:43:57','2025-05-29 12:26:43',NULL,5,NULL,1,1),(167,8,'/home/CSThesisHub2025/Thesis1/flask_auth_app/static/uploads/submissions/167_GAPA_STUDENT_GATE_PASS_IS.pdf','2023_GAPA_STUDENT_GATE_PASS.jpg','GaPa: STUDENT GATE PASS INFORMATION SYSTEM USING RFID WITH METAL DETECTOR FOR CAVITE STATE UNIVERSITY - IMUS CAMPUS','BORJA, ANDREA MIRABELA D., MARTIN, ELEINA JOELLE G., MEDALLA, ALMIRA L.','Cavite State University - Imus Campus','2023',NULL,'GaPa: STUDENT GATE PASS INFORMATION SYSTEM USING RFID WITH\nMETAL DETECTOR FOR CAVITE STATE UNIVERSITY - IMUS CAMPUS\n\nUndergraduate Thesis\nsubmitted to the faculty of the\nDepartment of Computer Studies\nCavite State University\nImus, Cavite\n\nIn partial fulfillment\nof the requirements for the degree\nBachelor of Science in Computer Science\n\nBORJA, ANDREA MIRABELA D.\nMARTIN, ELEINA JOELLE G.\nMEDALLA, ALMIRA L.\n2023','approved','2025-05-26 10:45:52','2025-05-29 12:26:35',NULL,6,NULL,1,1),(168,8,'/home/CSThesisHub2025/Thesis1/flask_auth_app/static/uploads/submissions/168_LOST_CATS_AND_DOGS.pdf','2023_LOST_CATS_AND_DOGS.jpg','LOST CATS AND DOGS REPORTING AND REGISTRATION SYSTEM FOR IMUS ANIMAL POUND WITH BREED IDENTIFIER','SALES, MERLIN MIGUEL C., DE JUAN, MARTIENE ANN. PEREZ, ACE J.','Cavite State University - Imus Campus','2023',NULL,'LOST CATS AND DOGS REPORTING AND REGISTRATION SYSTEM FOR IMUS\nANIMAL POUND WITH BREED IDENTIFIER\n\nAn Undergraduate Thesis\nSubmitted to the Faculty of the\nDepartment of Computer Studies\nCavite State University\nImus Campus, Cavite City\n\nIn partial fulfillment\nof the requirement for the degree of\nBachelor of Science in Computer Science\n\nSALES, MERLIN MIGUEL C.\nDE JUAN, MARTIENE ANN\nPEREZ, ACE J.\n\nJuly 2023','approved','2025-05-26 10:48:12','2025-05-29 12:26:28',NULL,5,NULL,1,1),(169,8,'/home/CSThesisHub2025/Thesis1/flask_auth_app/static/uploads/submissions/169_SUBSURFACE_IRRIGATION_SYSTEM.pdf','2023_Subsurface_Irrigation_System_for_SAUR_FARM_Using_Treshhold_Algo.jpg','SUBSURFACE IRRIGATION SYSTEM FOR SAUR FARM USINGTHRESHOLD ALGORITHM','OLAIRA, ZAMIR, TIMOTHY V, CARRASCO, CARLOS MIGUEL I.','Cavite State University - Imus Campus','2023',NULL,'SUBSURFACE IRRIGATION SYSTEM FOR SAUR FARM USING\nTHRESHOLD ALGORITHM\n\nUndergraduate Thesis\nSubmitted to the faculty of the\nDepartment of Computer Studies\nCavite State University\nImus, Cavite\n\nIn partial fulfilment\nof the requirements for the degree\nBachelor of Science in Computer Science\n\nCAPUA, KYLE ANTHONY D.\nCARRASCO, CARLOS MIGUEL I.\nOLAIRA, ZAMIR TIMOTHY V.\nJuly 2023','approved','2025-05-26 10:50:50','2025-05-29 12:26:19',NULL,5,NULL,1,1),(170,8,'/home/CSThesisHub2025/Thesis1/flask_auth_app/static/uploads/submissions/170_AN_ONLINE_VOTING_SYSTEM_FOR_CAVITE_STATE_UNIVERSITY.pdf','AN_ONLINE_VOTING_SYSTEM.jpg','AN ONLINE VOTING SYSTEM FOR CAVITE STATE UNIVERSITY IMUS CAMPUS','CHRISTIAN ANDREY TURLA SALONOY, DIANA ALTAREJOS GUTIERREZ, ERICA SHEINA LANSANG BERTULFO','Cavite State University - Imus Campus','2022',NULL,'AN ONLINE VOTING SYSTEM FOR CAVITE STATE UNIVERSITY IMUS CAMPUS\n\nUndergraduate Thesis\nSubmitted to the Faculty of the\nDepartment of Computer Studies\nCavite State University  Imus Campus\n\nIn partial fulfillment of the\nRequirements for the degree\nBachelor of Science in Computer Science\n\nCHRISTIAN ANDREY TURLA SALONOY\nDIANA ALTAREJOS GUTIERREZ\nERICA SHEINA LANSANG BERTULFO\n\nJune 2022','approved','2025-05-26 10:52:33','2025-05-29 12:26:00',NULL,5,NULL,1,1),(171,8,'/home/CSThesisHub2025/Thesis1/flask_auth_app/static/uploads/submissions/171_thesis1.pdf','thesis1.png','DEVELOPMENT OF A WIFI SECURITY APPLICATION FOR DETECTING AND MITIGATING EVIL TWIN ATTACKS','CZAR JOHN VILLAREAL, LOUISE MARK BANDOJA, VON PHILIPPE ACERO','Cavite State University, Department of Computer Studies, Imus Campus','2025',NULL,'DEVELOPMENT OF A WLFI SECURITY APPLICATION FOR DETECTING AND\nMITIGATING EVIL TWIN ATTACKS\n\nUndergraduate Thesis\nSubmitted to the Faculty of the\nDepartment of Computer Studies\nCavite State University - Imus Campus\nCity of Imus, Cavite\n\nIn partial fulfilment\nof the requirements for the degree\nBachelor of Science in Computer Science\n\nCZAR JOHN VILLAREAL\nLOUISE MARK BANDOJA,\nVON PHILIPPE ACERO\nJanuary 2025','approved','2025-05-26 13:32:25','2025-05-26 13:33:50',NULL,21,NULL,1,1),(172,8,'/home/CSThesisHub2025/Thesis1/flask_auth_app/static/uploads/submissions/172_thesis2.pdf','thesis2.png','VISLIGHT: LEVERAGING INTELLIGENT TRAFFIC LIGHT SENSORS TO MITIGATE URBAN CONGESTION DURING RUSH HOURS','JOSE ANGELO B. BITANGA, JOHN ROBERT L. OLANO, GWEN MARINIE C. PACIENTE\r\nJOHN ROBERT L. OLANO','Cavite State University, Imus Campus','2024',NULL,'VISLIGHT: LEVERAGING INTELLIGENT TRAFFIC LIGHT SENSORS TO MITIGATE\nURBAN CONGESTION DURING RUSH HOURS.\n\nA Thesis Proposal\nSubmitted to the Faculty ofthe Department\nof Computer Studies\nCavite State University  Imus Campus\nCity of Imus, Cavite\n\n \n\nIn partial fuflment\nof the requirements in the subject\nCOSC 75A - Sofware Engineering I\n\nJOSE ANGELO B. BITANGA,\nJOHN ROBERT L. OLANO\nGWEN MARINIE C. PACIENTE\nJANUARY 2024','approved','2025-05-26 15:25:55','2025-05-26 15:26:43',NULL,55,NULL,1,1),(180,8,'/home/CSThesisHub2025/Thesis1/flask_auth_app/static/uploads/submissions/180_FACIAL_RECOGNITION_FOR_PAYROLL_AND_ATTENDANCE.pdf','2023_FACIAL_RECOGNITION_FOR_PAYROLL_AND_ATTENDANCE.jpg','FACIAL RECOGNITION FOR PAYROLL AND ATTENDANCE OF NON-ACADEMIC EMPLOYEES OF CAVITE STATE UNIVERSITY - IMUS CAMPUS','BALTAZAR, SHANNEN ROSE D, BAYER, JOHN LIMUEL P, DALANGIN, JANINA KEITH G','Cavite State University','2023',NULL,'FACIAL RECOGNITION FOR PAYROLL AND ATTENDANCE OF NON-ACADEMIC\nEMPLOYEES OF CAVITE STATE UNIVERSITY - IMUS CAMPUS\n\nAn Undergraduate Thesis\nSubmitted to the Faculty of the\nComputer Studies Department\n\nCavite State University\nImus, Cavite\n\nin partial fulfilment\nof the requirements for the degree\nBachelor of Science in Computer Science\n\nBALTAZAR, SHANNEN ROSE D.\nBAYER, JOHN LIMUEL P.\nDALANGIN, JANINA KEITH G,\nJuly 2023','approved','2025-05-26 15:37:01','2025-05-26 15:37:49',NULL,4,NULL,1,1),(181,8,'/home/CSThesisHub2025/Thesis1/flask_auth_app/static/uploads/submissions/181_FACIAL_RECOGNITION_FOR_PAYROLL_AND_ATTENDANCE.pdf','2023_FACIAL_RECOGNITION_FOR_PAYROLL_AND_ATTENDANCE.jpg','FACIAL RECOGNITION FOR PAYROLL AND ATTENDANCE OF NON-ACADEMIC EMPLOYEES OF CAVITE STATE UNIVERSITY - IMUS CAMPUS','BALTAZAR, SHANNEN ROSE D, BAYER, JOHN LIMUEL P, DALANGIN, JANINA KEITH G','Cavite State University','2023',NULL,'FACIAL RECOGNITION FOR PAYROLL AND ATTENDANCE OF NON-ACADEMIC\nEMPLOYEES OF CAVITE STATE UNIVERSITY - IMUS CAMPUS\n\nAn Undergraduate Thesis\nSubmitted to the Faculty of the\nComputer Studies Department\n\nCavite State University\nImus, Cavite\n\nin partial fulfilment\nof the requirements for the degree\nBachelor of Science in Computer Science\n\nBALTAZAR, SHANNEN ROSE D.\nBAYER, JOHN LIMUEL P.\nDALANGIN, JANINA KEITH G,\nJuly 2023','approved','2025-05-26 15:41:28','2025-05-26 15:42:09',NULL,4,NULL,1,1),(184,8,'/home/CSThesisHub2025/Thesis1/flask_auth_app/static/uploads/submissions/2023_FACIAL_RECOGNITION_FOR_PAYROLL_AND_ATTENDANCE.jpg','2023_FACIAL_RECOGNITION_FOR_PAYROLL_AND_ATTENDANCE.jpg','FACIAL RECOGNITION FOR PAYROLL AND ATTENDANCE OF NON-ACADEMIC EMPLOYEES OF CAVITE STATE UNIVERSITY - IMUS CAMPUS','ROSE D, , JOHN LIMUEL P, BALTAZAR, SHANNEN ROSE D, BAYER, JOHN LIMUEL P, DALANGIN, JANINA KEITH G','Cavite State University','2023',NULL,'FACIAL RECOGNITION FOR PAYROLL AND ATTENDANCE OF NON-ACADEMIC\nEMPLOYEES OF CAVITE STATE UNIVERSITY - IMUS CAMPUS\n\nAn Undergraduate Thesis\nSubmitted to the Faculty of the\nComputer Studies Department\n\nCavite State University\nImus, Cavite\n\nin partial fulfilment\nof the requirements for the degree\nBachelor of Science in Computer Science\n\nBALTAZAR, SHANNEN ROSE D.\nBAYER, JOHN LIMUEL P.\nDALANGIN, JANINA KEITH G,\nJuly 2023','approved','2025-05-28 15:09:54','2025-05-28 15:13:40',NULL,0,NULL,0,0),(185,8,'/home/CSThesisHub2025/Thesis1/flask_auth_app/static/uploads/submissions/185_FACIAL_RECOGNITION_FOR_PAYROLL_AND_ATTENDANCE.pdf','2023_FACIAL_RECOGNITION_FOR_PAYROLL_AND_ATTENDANCE.jpg','FACIAL RECOGNITION FOR PAYROLL AND ATTENDANCE OF NON-ACADEMIC EMPLOYEES OF CAVITE STATE UNIVERSITY - IMUS CAMPUS','JOHN LIMUEL P, BALTAZAR, SHANNEN ROSE D, BAYER, JOHN LIMUEL P, DALANGIN, JANINA KEITH G','Cavite State University','2023',NULL,'FACIAL RECOGNITION FOR PAYROLL AND ATTENDANCE OF NON-ACADEMIC\nEMPLOYEES OF CAVITE STATE UNIVERSITY - IMUS CAMPUS\n\nAn Undergraduate Thesis\nSubmitted to the Faculty of the\nComputer Studies Department\n\nCavite State University\nImus, Cavite\n\nin partial fulfilment\nof the requirements for the degree\nBachelor of Science in Computer Science\n\nBALTAZAR, SHANNEN ROSE D.\nBAYER, JOHN LIMUEL P.\nDALANGIN, JANINA KEITH G,\nJuly 2023','approved','2025-05-28 15:11:37','2025-05-28 15:12:53',NULL,4,NULL,1,1),(186,8,'/home/CSThesisHub2025/Thesis1/flask_auth_app/static/uploads/submissions/GEOSPATIAL_IDENTIFICATION_OF_POVERTY.jpg','GEOSPATIAL_IDENTIFICATION_OF_POVERTY.jpg','GEOSPATIAL IDENTIFICATION OF POVERTY AREAS: MACHINE LEARNING APPROACH FOR DSWD IMUS','NIRO S. REGALADO','Cavite State University, Department of Computer Studies','2024',NULL,'GEOSPATIAL IDENTIFICATION OF POVERTY AREAS: MACHINE LEARNING\nAPPROACH FOR DSWD IMUS\n\nUndergraduate Thesis\nSubmitted to the Faculty of the\nDepartment of Computer Studies\nCavite State University\nImus, Cavite\n\nIn partial fulfilment\nof the requirements for the degree\nBachelor of Science in Computer Science\n\nROMMEL M. MACAPOBRE\nNIRO S. REGALADO\nSeptember 2024','approved','2025-05-28 16:01:25','2025-05-28 16:01:28',NULL,0,NULL,0,0),(187,8,'/home/CSThesisHub2025/Thesis1/flask_auth_app/static/uploads/submissions/2022_CVSU_IMUS_ANDROID_MAPPING_APP.jpg','2022_CVSU_IMUS_ANDROID_MAPPING_APP.jpg','CVSU IMUS ANDROID MAPPING APP: ENHANCING CAMPUS ACCESSIBILITY AND EFFICIENCY','ANDRES, JOHN RYAN L, BERBASA, SHAUN PRINCE L, JOROLAN, VINCE LOUPER R','Cavite State University, Department of Computer Studies, Imus Campus','2022',NULL,'CVSU IMUS ANDROID MAPPING APP: ENHANCING CAMPUS ACCESSIBILITY\nAND EFFICIENCY\n\nUndergraduate Thesis\nSubmitted to the Faculty of the\nDepartment of Computer Studies\nCavite State University  Imus Campus\nImus City, Cavite\n\nIn partial fulfillment of the\nRequirements for the degree\nBachelor of Science in Computer Science\n\nANDRES, JOHN RYAN L\nBERBASA, SHAUN PRINCE L\nJOROLAN, VINCE LOUPER R\n\nAugust 2022','approved','2025-05-28 16:02:06','2025-05-28 16:02:22',NULL,0,NULL,0,0),(189,8,'/home/CSThesisHub2025/Thesis1/flask_auth_app/static/uploads/submissions/2023_FACIAL_RECOGNITION_FOR_PAYROLL_AND_ATTENDANCE.jpg','2023_FACIAL_RECOGNITION_FOR_PAYROLL_AND_ATTENDANCE.jpg','FACIAL RECOGNITION FOR PAYROLL AND ATTENDANCE OF NON-ACADEMIC EMPLOYEES OF CAVITE STATE UNIVERSITY - IMUS CAMPUS','BALTAZAR, SHANNEN ROSE D, BAYER, JOHN LIMUEL P, DALANGIN, JANINA KEITH G','Cavite State University','2023',NULL,'FACIAL RECOGNITION FOR PAYROLL AND ATTENDANCE OF NON-ACADEMIC\nEMPLOYEES OF CAVITE STATE UNIVERSITY - IMUS CAMPUS\n\nAn Undergraduate Thesis\nSubmitted to the Faculty of the\nComputer Studies Department\n\nCavite State University\nImus, Cavite\n\nin partial fulfilment\nof the requirements for the degree\nBachelor of Science in Computer Science\n\nBALTAZAR, SHANNEN ROSE D.\nBAYER, JOHN LIMUEL P.\nDALANGIN, JANINA KEITH G,\nJuly 2023','approved','2025-05-28 16:03:09','2025-05-28 16:03:31',NULL,0,NULL,0,0),(191,8,'/home/CSThesisHub2025/Thesis1/flask_auth_app/static/uploads/submissions/2023_FACIAL_RECOGNITION_FOR_PAYROLL_AND_ATTENDANCE.jpg','2023_FACIAL_RECOGNITION_FOR_PAYROLL_AND_ATTENDANCE.jpg','FACIAL RECOGNITION FOR PAYROLL AND ATTENDANCE OF NON-ACADEMIC EMPLOYEES OF CAVITE STATE UNIVERSITY - IMUS CAMPUS','BALTAZAR, SHANNEN ROSE D, BAYER, JOHN LIMUEL P, DALANGIN, JANINA KEITH G','Cavite State University','2023',NULL,'FACIAL RECOGNITION FOR PAYROLL AND ATTENDANCE OF NON-ACADEMIC\nEMPLOYEES OF CAVITE STATE UNIVERSITY - IMUS CAMPUS\n\nAn Undergraduate Thesis\nSubmitted to the Faculty of the\nComputer Studies Department\n\nCavite State University\nImus, Cavite\n\nin partial fulfilment\nof the requirements for the degree\nBachelor of Science in Computer Science\n\nBALTAZAR, SHANNEN ROSE D.\nBAYER, JOHN LIMUEL P.\nDALANGIN, JANINA KEITH G,\nJuly 2023','approved','2025-05-28 16:05:32','2025-05-28 16:05:42',NULL,0,NULL,0,0),(192,8,'/home/CSThesisHub2025/Thesis1/flask_auth_app/static/uploads/submissions/192_FACIAL_RECOGNITION_FOR_PAYROLL_AND_ATTENDANCE.pdf','2023_FACIAL_RECOGNITION_FOR_PAYROLL_AND_ATTENDANCE.jpg','FACIAL RECOGNITION FOR PAYROLL AND ATTENDANCE OF NON-ACADEMIC EMPLOYEES OF CAVITE STATE UNIVERSITY - IMUS CAMPUS','BALTAZAR, SHANNEN ROSE D, BAYER, JOHN LIMUEL P, DALANGIN, JANINA KEITH G','Cavite State University-Imus Campus','2023',NULL,'FACIAL RECOGNITION FOR PAYROLL AND ATTENDANCE OF NON-ACADEMIC\nEMPLOYEES OF CAVITE STATE UNIVERSITY - IMUS CAMPUS\n\nAn Undergraduate Thesis\nSubmitted to the Faculty of the\nComputer Studies Department\n\nCavite State University\nImus, Cavite\n\nin partial fulfilment\nof the requirements for the degree\nBachelor of Science in Computer Science\n\nBALTAZAR, SHANNEN ROSE D.\nBAYER, JOHN LIMUEL P.\nDALANGIN, JANINA KEITH G,\nJuly 2023','approved','2025-05-28 16:18:25','2025-05-29 12:30:01',NULL,4,NULL,1,1),(205,8,'/home/CSThesisHub2025/Thesis1/flask_auth_app/static/uploads/submissions/205_GEOSPATIAL_IDENTIFICATION_OF_POVERTY_.pdf','GEOSPATIAL_IDENTIFICATION_OF_POVERTY.jpg','GEOSPATIAL IDENTIFICATION OF POVERTY AREAS: MACHINE LEARNING APPROACH FOR DSWD IMUS','ROMMEL M MACAPOBRE, NIRO S REGALADO','Cavite State University - Imus Campus','2024',NULL,'GEOSPATIAL IDENTIFICATION OF POVERTY AREAS: MACHINE LEARNING\nAPPROACH FOR DSWD IMUS\n\nUndergraduate Thesis\nSubmitted to the Faculty of the\nDepartment of Computer Studies\nCavite State University\nImus, Cavite\n\nIn partial fulfilment\nof the requirements for the degree\nBachelor of Science in Computer Science\n\nROMMEL M. MACAPOBRE\nNIRO S. REGALADO\nSeptember 2024','approved','2025-05-29 13:02:47','2025-05-29 14:16:41',NULL,9,NULL,1,1),(206,8,'/home/CSThesisHub2025/Thesis1/flask_auth_app/static/uploads/submissions/206_CVSU_IMUS_ANDROID_MAPPING.pdf','2022_CVSU_IMUS_ANDROID_MAPPING_APP.jpg','CVSU IMUS ANDROID MAPPING APP: ENHANCING CAMPUS ACCESSIBILITY AND EFFICIENCY','ANDRES, JOHN RYAN L, BERBASA SHAUN PRINCE L, JOROLAN VINCE LOUPER R','Cavite State University - Imus Campus','2022',NULL,'CVSU IMUS ANDROID MAPPING APP: ENHANCING CAMPUS ACCESSIBILITY\nAND EFFICIENCY\n\nUndergraduate Thesis\nSubmitted to the Faculty of the\nDepartment of Computer Studies\nCavite State University  Imus Campus\nImus City, Cavite\n\nIn partial fulfillment of the\nRequirements for the degree\nBachelor of Science in Computer Science\n\nANDRES, JOHN RYAN L\nBERBASA, SHAUN PRINCE L\nJOROLAN, VINCE LOUPER R\n\nAugust 2022','approved','2025-05-29 13:03:55','2025-05-29 13:04:46',NULL,6,NULL,1,1),(207,8,'/home/CSThesisHub2025/Thesis1/flask_auth_app/static/uploads/submissions/207_GAPA_STUDENT_GATE_PASS_IS.pdf','2023_GAPA_STUDENT_GATE_PASS.jpg','GaPa: STUDENT GATE PASS INFORMATION SYSTEM USING RFID WITH METAL DETECTOR FOR CAVITE STATE UNIVERSITY - IMUS CAMPUS','BORJA ANDREA, MARTIN ELEINA, MEDALLA ALMIRA L','Cavite State University - Imus Campus','2023',NULL,'GaPa: STUDENT GATE PASS INFORMATION SYSTEM USING RFID WITH\nMETAL DETECTOR FOR CAVITE STATE UNIVERSITY - IMUS CAMPUS\n\nUndergraduate Thesis\nsubmitted to the faculty of the\nDepartment of Computer Studies\nCavite State University\nImus, Cavite\n\nIn partial fulfillment\nof the requirements for the degree\nBachelor of Science in Computer Science\n\nBORJA, ANDREA MIRABELA D.\nMARTIN, ELEINA JOELLE G.\nMEDALLA, ALMIRA L.\n2023','approved','2025-05-29 13:05:48','2025-05-29 13:06:10',NULL,6,NULL,1,1),(215,8,'/home/CSThesisHub2025/Thesis1/flask_auth_app/static/uploads/submissions/215_GAPA_STUDENT_GATE_PASS_IS.pdf','2023_GAPA_STUDENT_GATE_PASS.jpg','GaPa: STUDENT GATE PASS INFORMATION SYSTEM USING RFID WITH METAL DETECTOR FOR CAVITE STATE UNIVERSITY - IMUS CAMPUS','BORJA ANDREA, MARTIN ELEINA, MEDALLA ALMIRA L','Cavite State University - Imus Campus','2023',NULL,'GaPa: STUDENT GATE PASS INFORMATION SYSTEM USING RFID WITH\nMETAL DETECTOR FOR CAVITE STATE UNIVERSITY - IMUS CAMPUS\n\nUndergraduate Thesis\nsubmitted to the faculty of the\nDepartment of Computer Studies\nCavite State University\nImus, Cavite\n\nIn partial fulfillment\nof the requirements for the degree\nBachelor of Science in Computer Science\n\nBORJA, ANDREA MIRABELA D.\nMARTIN, ELEINA JOELLE G.\nMEDALLA, ALMIRA L.\n2023','approved','2025-05-29 14:13:33','2025-05-29 14:14:42',NULL,6,NULL,1,1),(217,8,'/home/CSThesisHub2025/Thesis1/flask_auth_app/static/uploads/submissions/217_LOST_CATS_AND_DOGS.pdf','2023_LOST_CATS_AND_DOGS.jpg','LOST CATS AND DOGS REPORTING AND REGISTRATION SYSTEM FOR IMUS ANIMAL POUND WITH BREED IDENTIFIER','SALES MERLIN MIGUEL C. DE JUAN MARTIENE ANN, PEREZ ACE J','Cavite State University - Imus Campus','2023',NULL,'LOST CATS AND DOGS REPORTING AND REGISTRATION SYSTEM FOR IMUS\nANIMAL POUND WITH BREED IDENTIFIER\n\nAn Undergraduate Thesis\nSubmitted to the Faculty of the\nDepartment of Computer Studies\nCavite State University\nImus Campus, Cavite City\n\nIn partial fulfillment\nof the requirement for the degree of\nBachelor of Science in Computer Science\n\nSALES, MERLIN MIGUEL C.\nDE JUAN, MARTIENE ANN\nPEREZ, ACE J.\n\nJuly 2023','approved','2025-05-29 14:15:48','2025-05-29 14:16:21',NULL,5,NULL,1,1),(218,8,'/home/CSThesisHub2025/Thesis1/flask_auth_app/static/uploads/submissions/218_SUBSURFACE_IRRIGATION_SYSTEM.pdf','2023_Subsurface_Irrigation_System_for_SAUR_FARM_Using_Treshhold_Algo.jpg','SUBSURFACE IRRIGATION SYSTEM FOR SAUR FARM USING THRESHOLD ALGORITHM','CAPUA ANTHONY D, OLAIRA ZAMIR, CARRASCO CARLOS MIGUEL I','Cavite State University - Imus Campus','2023',NULL,'SUBSURFACE IRRIGATION SYSTEM FOR SAUR FARM USING\nTHRESHOLD ALGORITHM\n\nUndergraduate Thesis\nSubmitted to the faculty of the\nDepartment of Computer Studies\nCavite State University\nImus, Cavite\n\nIn partial fulfilment\nof the requirements for the degree\nBachelor of Science in Computer Science\n\nCAPUA, KYLE ANTHONY D.\nCARRASCO, CARLOS MIGUEL I.\nOLAIRA, ZAMIR TIMOTHY V.\nJuly 2023','approved','2025-05-29 14:17:57','2025-05-29 14:18:34',NULL,5,NULL,1,1),(219,8,'/home/CSThesisHub2025/Thesis1/flask_auth_app/static/uploads/submissions/219_ENHANCING_WORKFORCE.pdf','2024_ENHANCING_WORKFORCE_MANAGEMENT.jpg','ENHANCING WORKFORCE MANAGEMENT: IMPLEMENTING A DATA ANALYTICS DRIVEN EMPLOYMENT SYSTEM FOR PESO IMUS','ABUT RENZ MARK, ESPINEA PAUL CHRISTIAN, ESPINEA PAUL CHRISTIAN','Cavite State University - Imus Campus','2024',NULL,'ENHANCING WORKFORCE MANAGEMENT: IMPLEMENTING A DATA\nANALYTICS DRIVEN EMPLOYMENT SYSTEM FOR PESO IMUS\n\nUndergraduate Thesis\nSubmitted to the Faculty of the\nDepartment of Computer Studies\nCavite State University - Imus Campus\nCity of Imus, Cavite\n\nIn partiat fulfillment of the\nRequirements for the degree\nBachelor Science in Computer Science\n\nABUT, RENZ MARK\nESPINEA, PAUL CHRISTIAN\nNEBRES, JOHN MICHAEL\nSeptember 2024','approved','2025-05-29 14:19:35','2025-05-29 14:20:54',NULL,4,NULL,1,1),(220,8,'/home/CSThesisHub2025/Thesis1/flask_auth_app/static/uploads/submissions/220_AN_ONLINE_VOTING_SYSTEM_FOR_CAVITE_STATE_UNIVERSITY.pdf','AN_ONLINE_VOTING_SYSTEM.jpg','AN ONLINE VOTING SYSTEM FOR CAVITE STATE UNIVERSITY IMUS CAMPUS','CHRISTIAN ANDREY TURLA SALONOY, DIANA ALTAREJOS GUTIERREZ, ERICA SHEINA LANSANG BERTULFO','Cavite State University - Imus Campus','2022',NULL,'AN ONLINE VOTING SYSTEM FOR CAVITE STATE UNIVERSITY IMUS CAMPUS\n\nUndergraduate Thesis\nSubmitted to the Faculty of the\nDepartment of Computer Studies\nCavite State University  Imus Campus\n\nIn partial fulfillment of the\nRequirements for the degree\nBachelor of Science in Computer Science\n\nCHRISTIAN ANDREY TURLA SALONOY\nDIANA ALTAREJOS GUTIERREZ\nERICA SHEINA LANSANG BERTULFO\n\nJune 2022','approved','2025-05-29 14:21:14','2025-05-29 14:21:44',NULL,5,NULL,1,1),(221,8,'/home/CSThesisHub2025/Thesis1/flask_auth_app/static/uploads/submissions/221_BARANGAY_ALAPAN-2A.pdf','BARANGAY_ALAPAN-2A.jpg','BARANGAY ALAPAN - 2A, IMUS CITY, CAVITE HEALTH CENTER SYSTEM WITH DATA ANALYTICS SYSTEM AND EMAIL NOTIFICATION','MARASIGAN KATRINA ALEXA Q, CEREZO JOVANY T, MAGDUA JEZEL A','Cavite State University - Imus Campus','2022',NULL,'BARANGAY ALAPAN - 2A, IMUS CITY, CAVITE HEALTH\nCENTER SYSTEM WITH DATA ANALYTICS SYSTEM AND\nEMAIL NOTIFICATION\n\nUndergraduate Thesis\nsubmitted to the faculty of the\nDepartment of Computer Studies\nCavite State University\nImus, Cavite\n\nIn partial fulfillment\nof the requirements for the degree\nBachelor of Science in Computer Science\n\nCEREZO, JOVANY T.\nMAGDUA, JEZEL A.\nMARASIGAN, KATRINA ALEXA Q.\nJune 2022','approved','2025-05-29 14:22:11','2025-05-29 14:22:43',NULL,6,NULL,1,1),(222,8,'/home/CSThesisHub2025/Thesis1/flask_auth_app/static/uploads/submissions/222_CLOUD_BASED_INVENTORY_MANAGEMENT_SYSTEM_WITH_QR_CODE_FOR_SUPPLIES_OFFICE_IN_CAVITE_STATE_UNIVERSITY_IMUS_ENHANCING_EFFICIENCY_ANF_ACCESSIBILITY.pdf','CLOUD-BASED_INVENTORY_MANAGEMENT_SYSTEM.jpg','CLOUD-BASED INVENTORY MANAGEMENT SYSTEM WITH QR CODE FOR SUPPLIES OFFICE IN CAVITE STATE UNIVERSITY-IMUS: ENHANCING EFFICIENCY AND ACCESSIBILITY','KEICE V ZOLETA, JOVELYN A DELA CRUZ, MARIA CRISANTA P BORJA','Cavite State University - Imus Campus','2024',NULL,'CLOUD-BASED INVENTORY MANAGEMENT SYSTEM WITH QR CODE FOR\nSUPPLIES OFFICE IN CAVITE STATE UNIVERSITY-IMUS: ENHANCING\nEFFICIENCY AND ACCESSIBILITY\n\nUndergraduate Thesis\n* Submitted to the Faculty of the\nDepartment of Computer Studies\nCavite State University\nImus, Cavite\n\nIn partial fulfillment\nof the requirements for the degree\nBachelor of Science in Computer Science\n\nMARIA CRISANTA P. BORJA\nJOVELYN A, DELA CRUZ\nKEICE V. ZOLETA\nSeptember 2024','approved','2025-05-29 14:23:16','2025-05-29 14:24:07',NULL,7,NULL,1,1),(223,8,'/home/CSThesisHub2025/Thesis1/flask_auth_app/static/uploads/submissions/223_ENHANCING_VIRTUAL_CONFERENCING.pdf','ENHANCING_VIRTUAL_CONFERENCING.jpg','ENHANCING VIRTUAL CONFERENCING: THE INTEGRATION OF GAMIFICATION IN AN INTERACTIVE 3D SPACE ENVIRONMENT','CHARNELLE P ESTRIBOR, KERCHEI C PALEN, FRANZE EMSLEY L MANIBOG','Cavite State University - Imus Campus','2024',NULL,'ENHANCING VIRTUAL CONFERENCING: THE INTEGRATION\nOF GAMIFICATION IN AN INTERACTIVE\n3D SPACE ENVIRONMENT\n\nUndergraduate Thesis\nSubmitted to the Facultyof the\nDepartment of Computer Studies\nCavite State University\nImus City, Cavite\n\nIn partial fulfillment\nOf the requirements for the degree\nBachelor of Science in Computer Science\n\nCHARNELLE P. ESTRIBOR\nFRANZ EMSLEY L. MANIBOG\nKERCHE! C. PALEN\nSeptember 2024','approved','2025-05-29 14:24:43','2025-05-29 14:26:02',NULL,5,NULL,1,1),(224,8,'/home/CSThesisHub2025/Thesis1/flask_auth_app/static/uploads/submissions/224_GAME_SIMULATION_FOR_ALTERNATIVE_LEARNING.pdf','GAME_SIMULATION_FOR_ALTERNATIVE_LEARNING.jpg','GAME SIMULATION FOR ALTERNATIVE LEARNING IN BASIC PYTHON FOR CS AND IT STUDENTS OF CAVITE STATE UNIVERSITY - IMUS CAMPUS','GARGAR GLENN ACE LIMWELL B, GERVACIO RONNETH, TOPACIO KHAIZTER','Cavite State University - Imus Campus','2023',NULL,'GAME SIMULATION FOR ALTERNATIVE LEARNING IN BASIC PYTHON FOR\nCS AND IT STUDENTS OF CAVITE STATE UNIVERSITY - IMUS CAMPUS\n\nAn Undergraduate Thesis\nSubmitted to the Faculty of the\nDepartment of Computer Studies\nCavite State University\nImus Campus, Cavite\n\nIn partial fulfillment\nof the requirements for the degree of\nBachelor of Science in Computer Science\n\nGARGAR, GLENN ACE LIMWELL B.\nGERVACIO, RONNETH JOY V.\nTOPACIO, KHAIZTER VASH N.\n\nJuly 2023','approved','2025-05-29 14:26:27','2025-05-29 14:27:06',NULL,4,NULL,1,1),(225,8,'/home/CSThesisHub2025/Thesis1/flask_auth_app/static/uploads/submissions/225_MOBILE_EXAMINATION_CHECKER.pdf','MOBILE_EXAMINATION_CHECKER.jpg','MOBILE EXAMINATION CHECKER APPLICATION FOR CAVITE STATE UNIVERSITY - IMUS CAMPUS','JEIGO M RUBIS, CHRISTINNE LOR P RAMOS, RENZO A OMPAD','Cavite State University - Imus Campus','2022',NULL,'MOBILE EXAMINATION CHECKER APPLICATION FOR\nCAVITE STATE UNIVERSITY - IMUS CAMPUS\n\nAn Undergraduate Thesis\nSubmitted to the Department of the Computer Studies\nCavite State University- mus Campus\nCity of Imus, Cavite\n\nIn partial fulfillment\nof the requirements for the degree\nBachelor of Science in Computer Science\n\nJEIGO M. RUBIS\nRENZO A. OMPAD\nCHRISTINNE LOR P. RAMOS\nJune, 2022','approved','2025-05-29 14:27:46','2025-05-29 14:28:43',NULL,5,NULL,1,1),(226,8,'/home/CSThesisHub2025/Thesis1/flask_auth_app/static/uploads/submissions/226_ONLINE_CLASS_ATTENDANCE_AND_RECITATION_MONITORING_SYSTEM.pdf','ONLINE_CLASS_ATTENDANCE_AND_RECITATIONMON.jpg','ONLINE CLASS ATTENDANCE AND RECITATION MONITORING SYSTEM','SOMIDO ALJON, PAYOMO JERRICO O, ARMENTA JOHN AIVAN G','Cavite State University - Imus Campus','2022',NULL,'ONLINE CLASS ATTENDANCE AND RECITATION\nMONITORING SYSTEM\n\nA Capstone Project\nSubmitted to the faculty of\nDepartment of Computer Studies\nCavite State University - Imus Campus\nCavite\n\nIn partial fulfilment of the\nRequirements for the degree\nBachelor of Science in Computer Science\n\nArmenta, John Aivan G.\nPayomo, Jerrico O.\nSomido, Aljon\nJanuary 2022','approved','2025-05-29 14:29:52','2025-05-29 14:30:29',NULL,4,NULL,1,1),(227,8,'/home/CSThesisHub2025/Thesis1/flask_auth_app/static/uploads/submissions/227_SELF_ASSESSMENT_INTEGRATION_OF_PROGRAMMING_PROFICIENCY_THROUGH_MOBILE_GAME_FOR_DCS_STUDENTS.pdf','SELF-ASSESSMENT_INTEGRATION_OF_PROGRAMMING_PROFICIENCY.jpg','SELF-ASSESSMENT INTEGRATION OF PROGRAMMING PROFICIENCY THROUGH MOBILE GAME FOR DCS STUDENTS','PATRICK JAMES F FETIZANAN, RENZO C CRUZ, CARLO T CASTRO','Cavite State University - Imus Campus','2022',NULL,'SELF-ASSESSMENT INTEGRATION OF PROGRAMMING\nPROFICIENCY THROUGH MOBILE GAME\nFOR DCS STUDENTS\n\nUndergraduate Thesis Manuscript\nSubmitted to the Faculty of the\nDepartment of Computer Studies\nCavite State University  Imus Campus\n\nCavite\n\nIn partial fulfillment of the\nRequirement for the degree\n\nBachelor of Science in Computer Science\n\nCARLO T. CASTRO\nPATRICK JAMES F. FETIZANAN\nRENZO C. CRUZ\nJune 2022','approved','2025-05-29 14:33:55','2025-05-29 14:35:28',NULL,6,NULL,1,1),(233,8,'/home/CSThesisHub2025/Thesis1/flask_auth_app/static/uploads/submissions/233_SELF_ASSESSMENT_INTEGRATION_OF_PROGRAMMING_PROFICIENCY_THROUGH_MOBILE_GAME_FOR_DCS_STUDENTS.pdf','self_assessment_integration.jpg','SELF-ASSESSMENT INTEGRATION OF PROGRAMMING PROFICIENCY THROUGH MOBILE GAME FOR DCS STUDENTS  Manuscript','PATRICK JAMES F FETIZANAN, RENZO C CRUZ, CARLO T. CASTRO','Cavite State University - Imus Campus','2022',NULL,'SELF-ASSESSMENT INTEGRATION OF PROGRAMMING\nPROFICIENCY THROUGH MOBILE GAME\nFOR DCS STUDENTS\n\nUndergraduate Thesis Manuscript\nSubmitted to the Faculty of the\nDepartment of Computer Studies\nCavite State University  Imus Campus\n\nCavite\n\nIn partial fulfillment of the\nRequirement for the degree\n\nBachelor of Science in Computer Science\n\nCARLO T. CASTRO\nPATRICK JAMES F. FETIZANAN\nRENZO C. CRUZ\nJune 2022','approved','2025-05-30 03:49:55','2025-05-30 03:50:26',NULL,6,NULL,1,1),(234,8,'/home/CSThesisHub2025/Thesis1/flask_auth_app/static/uploads/submissions/234_ENHANCING_VIRTUAL_CONFERENCING.pdf','enhancing_virtual_conferencing.jpg','ENHANCING VIRTUAL CONFERENCING: THE INTEGRATION OF GAMIFICATION IN AN INTERACTIVE 3D SPACE ENVIRONMENT','CHARNELLE P ESTRIBOR, FRANZ EMSLEY L MANIBOG, KERCHEI C PALEN','Cavite State University - Imus Campus','2024',NULL,'ENHANCING VIRTUAL CONFERENCING: THE INTEGRATION\nOF GAMIFICATION IN AN INTERACTIVE\n3D SPACE ENVIRONMENT\n\nUndergraduate Thesis\nSubmitted to the Facultyof the\nDepartment of Computer Studies\nCavite State University\nImus City, Cavite\n\nIn partial fulfillment\nOf the requirements for the degree\nBachelor of Science in Computer Science\n\nCHARNELLE P. ESTRIBOR\nFRANZ EMSLEY L. MANIBOG\nKERCHE! C. PALEN\nSeptember 2024','approved','2025-05-30 03:58:30','2025-05-30 03:59:27',NULL,5,NULL,1,1),(235,8,'/home/CSThesisHub2025/Thesis1/flask_auth_app/static/uploads/submissions/2022MULTI-PLATFORM_CONTACT_TRACING_WITH_QR_VERIFICATION.jpg','2022MULTI-PLATFORM_CONTACT_TRACING_WITH_QR_VERIFICATION.jpg','MULTI-PLATFORM CONTACT TRACING WITH QR VERIFICATION SYSTEM FOR BARANGAY SABANG','PATRICK FAELDONEA, MATHEW AGUSTIN O BELLA, JOHN MICHAEL S DENISA','Cavite State University - Imus Campus','2022',NULL,'MULTI-PLATFORM CONTACT TRACING WITH QR VERIFICATION SYSTEM FOR\nBARANGAY SABANG\n\nA Capstone Project\nSubmitted to the Faculty of\nDepartment of Computer Studies\nCavite State University  mus Campus\nCavite\n\nIn partial fulfilment\nof the requirements for the degree of\nBachelor of Science in Computer Science\n\nMATHEW AGUSTIN O, BELLA\nJOHN MICHAEL S, DENISA\nPATRICK FAELDONEA\nJanuary 2022','pending','2025-05-30 09:32:41','2025-05-30 09:32:41',NULL,NULL,NULL,0,0),(236,8,'/home/CSThesisHub2025/Thesis1/flask_auth_app/static/uploads/submissions/GIVEBLOOD.pdf','GIVEBLOOD.pdf','Not Found','Not Found','Cavite State University - Imus Campus','Not ',NULL,'CamScanner\n\nCamScanner\n\nCamScanner\n\nCamScanner\n\nCamScanner','pending','2025-05-30 09:35:44','2025-05-30 09:35:44',NULL,NULL,NULL,0,0),(237,8,'/home/CSThesisHub2025/Thesis1/flask_auth_app/static/uploads/submissions/2023_FACIAL_RECOGNITION_FOR_PAYROLL_AND_ATTENDANCE.jpg','2023_FACIAL_RECOGNITION_FOR_PAYROLL_AND_ATTENDANCE.jpg','FACIAL RECOGNITION FOR PAYROLL AND ATTENDANCE OF NON-ACADEMIC EMPLOYEES OF CAVITE STATE UNIVERSITY - IMUS CAMPUS','BALTAZAR SHANNEN ROSE D, BAYER JOHN LIMUEL P, DALANGIN JANINA KEITH G','Cavite State University - Imus Campus','2023',NULL,'FACIAL RECOGNITION FOR PAYROLL AND ATTENDANCE OF NON-ACADEMIC\nEMPLOYEES OF CAVITE STATE UNIVERSITY - IMUS CAMPUS\n\nAn Undergraduate Thesis\nSubmitted to the Faculty of the\nComputer Studies Department\n\nCavite State University\nImus, Cavite\n\nin partial fulfilment\nof the requirements for the degree\nBachelor of Science in Computer Science\n\nBALTAZAR, SHANNEN ROSE D.\nBAYER, JOHN LIMUEL P.\nDALANGIN, JANINA KEITH G,\nJuly 2023','pending','2025-05-30 09:36:38','2025-05-30 09:36:38',NULL,NULL,NULL,0,0),(238,8,'/home/CSThesisHub2025/Thesis1/flask_auth_app/static/uploads/submissions/NAMESAmple.png','NAMESAmple.png','CSTHESISHUB: AN OCR AND SPANBASED RAFAELLA BANEZ','Not Found','Cavite State University - Imus Campus','Not ',NULL,'CSTHESISHUB: AN OCR AND SPANBASED\n\nRAFAELLA BANEZ','rejected','2025-05-30 09:43:09','2025-06-08 14:28:31',NULL,NULL,'2025-06-08 14:28:31',0,0),(240,8,'/home/CSThesisHub2025/Thesis1/flask_auth_app/static/uploads/submissions/240_MOBILE_MEDICINE.pdf','2023MOBILE_MEDICINE_ALARM_REMINDER.jpg','MOBILE MEDICINE ALARM REMINDER FOR','BABARAN RAFAELA, JANNA S, MERCADO GYNE, GONZALVO DENNIS L','Cavite State University - Imus Campus','2023',NULL,'MOBILE MEDICINE ALARM REMINDER FOR\nGREEN BREEZE HOME FOR ELDERLY\n\nAn Undergraduate Thesis Submitted to the\nFaculty of Computer Studies Department\nCavite State University\nImus, Cavite\n\nIn partial fulfillment\nof the requirements for the degree of\nBachelor of Science in Computer Science\n\nBABARAN, RAFAELA JANNA S.\nGONZALVO, DENNIS L.\nMERCADO, GYNE KC\nJuly 2023','approved','2025-05-30 09:47:30','2025-05-30 09:48:07',NULL,5,NULL,1,1),(241,8,'/home/CSThesisHub2025/Thesis1/flask_auth_app/static/uploads/submissions/241_FACIAL_RECOGNITION_FOR_PAYROLL_AND_ATTENDANCE.pdf','2023_FACIAL_RECOGNITION_FOR_PAYROLL_AND_ATTENDANCE.jpg','FACIAL RECOGNITION FOR PAYROLL AND ATTENDANCE OF NON-ACADEMIC EMPLOYEES OF CAVITE STATE UNIVERSITY - IMUS CAMPUS','BALTAZAR SHANNEN ROSE D, BAYER JOHN LIMUEL P, DALANGIN JANINA KEITH G','Cavite State University - Imus Campus','2023',NULL,'FACIAL RECOGNITION FOR PAYROLL AND ATTENDANCE OF NON-ACADEMIC\nEMPLOYEES OF CAVITE STATE UNIVERSITY - IMUS CAMPUS\n\nAn Undergraduate Thesis\nSubmitted to the Faculty of the\nComputer Studies Department\n\nCavite State University\nImus, Cavite\n\nin partial fulfilment\nof the requirements for the degree\nBachelor of Science in Computer Science\n\nBALTAZAR, SHANNEN ROSE D.\nBAYER, JOHN LIMUEL P.\nDALANGIN, JANINA KEITH G,\nJuly 2023','approved','2025-06-08 15:13:10','2025-06-08 15:13:33',NULL,4,NULL,1,1);
/*!40000 ALTER TABLE `thesis_submissions` ENABLE KEYS */;
UNLOCK TABLES;

--
-- Table structure for table `thesis_versions`
--

DROP TABLE IF EXISTS `thesis_versions`;
/*!40101 SET @saved_cs_client     = @@character_set_client */;
/*!50503 SET character_set_client = utf8mb4 */;
CREATE TABLE `thesis_versions` (
  `id` int NOT NULL AUTO_INCREMENT,
  `thesis_id` int NOT NULL,
  `edited_title` varchar(255) COLLATE utf8mb4_general_ci DEFAULT NULL,
  `edited_authors` text COLLATE utf8mb4_general_ci,
  `edited_school` varchar(255) COLLATE utf8mb4_general_ci DEFAULT NULL,
  `edited_year_made` varchar(4) COLLATE utf8mb4_general_ci DEFAULT NULL,
  `edited_keywords` text COLLATE utf8mb4_general_ci,
  `notes` text COLLATE utf8mb4_general_ci,
  `edited_by` int NOT NULL,
  `created_at` timestamp NOT NULL DEFAULT CURRENT_TIMESTAMP,
  PRIMARY KEY (`id`),
  KEY `thesis_id` (`thesis_id`),
  KEY `edited_by` (`edited_by`),
  CONSTRAINT `thesis_versions_ibfk_2` FOREIGN KEY (`edited_by`) REFERENCES `users` (`id`)
) ENGINE=InnoDB AUTO_INCREMENT=140 DEFAULT CHARSET=utf8mb4 COLLATE=utf8mb4_general_ci;
/*!40101 SET character_set_client = @saved_cs_client */;

--
-- Dumping data for table `thesis_versions`
--

LOCK TABLES `thesis_versions` WRITE;
/*!40000 ALTER TABLE `thesis_versions` DISABLE KEYS */;
INSERT INTO `thesis_versions` VALUES (2,127,'INTEGRATED FIRE MONITORING AND ANALYSIS SYSTEM: UTILIZING API FOR REAL-TIME MAPPING, VULNERABILITY','JANNA MAY P. GENSAYA, SHARMINE D. TABUADA','Cavite State University, Department of Computer Studies','2024','ANALYSIS, API, FIRE, INTEGRATED, MAPPING, MONITORING, REAL-TIME MAPPING, SYSTEM, TIME, VULNERABILITY','',8,'2025-05-22 07:02:22'),(4,129,'MOBILE EXAMINATION CHECKER APPLICATION FOR','JEIGO M. RUBIS, RENZO A. OMPAD, CHRISTINNE LOR P. RAMOS','Cavite State University, Imus Campus','2022','APPLICATION, CHECKER, EXAMINATION, MOBILE, MOBILE EXAMINATION CHECKER APPLICATION','',8,'2025-05-22 07:19:23'),(5,130,'DEEPSIGN: A DEEP LEARNING MOBILE APPLICATION FOR REAL-TIME HAND','JOAQUIN, JEROME O, TORRIJOS, CHRISTIAN ANDREI L, MACASIAB, JOHN SEBASTIAN HENDRIX D','Cavite State University, Department of Computer Studies','2024','A DEEP LEARNING MOBILE APPLICATION, APPLICATION, DEEP, DEEPSICN, HAND, LEARNING, MOBILE, REAL-TIME HAND, TIME','',8,'2025-05-22 07:35:47'),(6,127,'INTEGRATED FIRE MONITORING AND ANALYSIS SYSTEM: UTILIZING API FOR REAL-TIME MAPPING, VULNERABILITY','MOHAMAD ALI A. CALANDA\r\nJANNA MAY P. GENSAYA\r\nSHARMINE D. TABUADA','Cavite State University, Department of Computer Studies','2024','ANALYSIS, API, FIRE, INTEGRATED, MAPPING, MONITORING, REAL-TIME MAPPING, SYSTEM, TIME, VULNERABILITY','',8,'2025-05-22 07:37:47'),(7,131,'AILUTO IMAGE-BASED APPLICATION: UTILIZING SUPPORT VECTOR MACHINE WITH FILIPINO FOOD RECOGNITION AND RECIPE RETRIEVAL','JOSE CHRISTOPHER A. OJANO, JOLO MARCO B. RAMOS, GERWIN JAHZIEL N. OGOT','Cavite State University, Department of Computer Studies, Imus Campus','2024','AILUTO IMAGE-BASED APPLICATION, APPLICATION, BASED, FILIPINO, FILIPINO FOOD RECOGNITION, FOOD, IMAGE, MACHINE, RECOGNITION, SUPPORT, SUPPORT VECTOR MACHINE, VECTOR','',8,'2025-05-22 07:49:32'),(8,133,'AILUTO IMAGE-BASED APPLICATION: UTILIZING SUPPORT VECTOR MACHINE WITH FILIPINO FOOD RECOGNITION','GERWIN JAHZIEL N. OGOT  JOSE CHRISTOPHER A. OJANO, JOLO MARCO B. RAMOS','Cavite State University, Department of Computer Studies, Imus Campus','2024','AILUTO IMAGE-BASED APPLICATION, APPLICATION, BASED, FILIPINO, FILIPINO FOOD RECOGNITION, FOOD, IMAGE, MACHINE, RECOGNITION, SUPPORT, SUPPORT VECTOR MACHINE, VECTOR','',8,'2025-05-22 07:54:01'),(9,132,'AILUTO IMAGE-BASED APPLICATION: UTILIZING SUPPORT VECTOR MACHINE WITH FILIPINO FOOD RECOGNITION','JOSE CHRISTOPHER A. OJANO, JOLO MARCO B. RAMOS','Cavite State University, Department of Computer Studies, Imus Campus','2024','AILUTO IMAGE-BASED APPLICATION, APPLICATION, BASED, FILIPINO, FILIPINO FOOD RECOGNITION, FOOD, IMAGE, MACHINE, RECOGNITION, SUPPORT, SUPPORT VECTOR MACHINE, VECTOR','',8,'2025-05-22 12:38:09'),(11,134,'GEOSPATIAL IDENTIFICATION OF POVERTY AREAS: MACHINE LEARNING APPROACH FOR DSWD IMUS','ROMMEL M. MACAPOBRE, NINO S. REGALADO','Cavite State University, Department of Computer Studies','2024','AREAS, GEOSPATIAL, GEOSPATIAL IDENTIFICATION, IDENTIFICATION, LEARNING, MACHINE, MACHINE LEARNING, POVERTY, POVERTY AREAS','',8,'2025-05-22 12:47:58'),(12,135,'AN ONLINE VOTING SYSTEM FOR CAVITE STATE UNIVERSITY IMUS CAMPUS','CHRISTIAN ANDREY TURLA SALONOY, DIANA ALTAREJOS GUTIERREZ, ERICA SHEINA LANSANG BERTULFO','Cavite State University, Department of Computer Studies, Imus Campus','2022','ONLINE VOTING SYSTEM, SYSTEM, VOTING','',8,'2025-05-22 12:50:32'),(13,136,'WEB-BASED CONTACT TRACING SYSTEM FOR THE COMMUNITY OF IMUS','JEREMY T. BUENAOBRA, FRANCE REICIE F. PAGSANHAN, MA. ANGELICA L. QUILACIO','Cavite State University, Department of Computer Studies, Imus Campus','2022','CONTACT, SYSTEM, TRACING, WEB, WEB-BASED CONTACT TRACING SYSTEM','',8,'2025-05-22 12:52:53'),(14,137,'CLOUD-BASED INVENTORY MANAGEMENT SYSTEM WITH QR CODE FOR SUPPLIES OFFICE IN CAVITE STATE UNIVERSITY-IMUS: ENHANCING EFFICIENCY AND ACCESSIBILITY','MARIA CRISANTA P. BORJA, JOVELYN A, DELA CRUZ, KEICE V. ZOLETA','Cavite State University, Department of Computer Studies','2024','BASED, CAVITE, CAVITE STATE UNIVERSITY-IMUS, CLOUD, CLOUD-BASED INVENTORY MANAGEMENT SYSTEM, CODE, IMUS, INVENTORY, MANAGEMENT, OFFICE, QR, QR CODE, STATE, SUPPLIES, SUPPLIES OFFICE, SYSTEM, UNIVERSITY','',8,'2025-05-22 12:54:28'),(15,138,'CVSU IMUS ANDROID MAPPING APP: ENHANCING CAMPUS ACCESSIBILITY AND EFFICIENCY','ANDRES, JOHN RYAN L, BERBASA, SHAUN PRINCE L, JOROLAN, VINCE LOUPER R','Cavite State University, Department of Computer Studies, Imus Campus','2022','ACCESSIBILITY, ANDROID, APP, CAMPUS, CAMPUS ACCESSIBILITY, CVSU, MAPPING','',8,'2025-05-22 13:04:20'),(16,139,'FACIAL RECOGNITION FOR PAYROLL AND ATTENDANCE OF NON-ACADEMIC EMPLOYEES OF CAVITE STATE UNIVERSITY - IMUS CAMPUS','BALTAZAR, SHANNEN ROSE D., BAYER, JOHN LIMUEL P., DALANGIN, JANINA KEITH G.','Cavite State University','2023','NON-ACADEMIC, ATTENDANCE, FACIAL RECOGNITION, NON, PAYROLL, RECOGNITION','',8,'2025-05-22 13:06:25'),(17,140,'GaPa: STUDENT GATE PASS INFORMATION SYSTEM USING RFID WITH METAL DETECTOR FOR CAVITE STATE UNIVERSITY - IMUS CAMPUS','BORJA, ANDREA MIRABELA D., MARTIN, ELEINA JOELLE G., DALL, ALMIRA L.','Cavite State University, Department of Computer Studies','2023','INFORMATION, INFORMATION SYSTEM, RFID, METAL DETECTOR, GATE PASS, STUDENT','',8,'2025-05-22 13:08:02'),(18,141,'LOST CATS AND DOGS REPORTING AND REGISTRATION SYSTEM FOR IMUS ANIMAL POUND WITH BREED IDENTIFIER','SALES, MERLIN MIGUEL C., DE JUAN, MARTIENE ANN, PEREZ, ACE J.','Cavite State University, Department of Computer Studies, Imus Campus','2023','CATS, DOGS, DOGS REPORTING, IMUS, REGISTRATION SYSTEM, REPORTING, SYSTEM','',8,'2025-05-22 13:09:07'),(19,142,'SUBSURFACE IRRIGATION SYSTEM FOR SAUR FARM USING THRESHOLD ALGORITHM','CAPUA, KYLE ANTHONY D., OLAIRA, ZAMIR, TIMOTHY V, CARRASCO, CARLOS MIGUEL I','Cavite State University, Department of Computer Studies','2023','FARM, IRRIGATION, SAUR, SAUR FARM, SUBSURFACE, SUBSURFACE IRRIGATION SYSTEM, SYSTEM','',8,'2025-05-22 13:10:38'),(20,143,'ENHANCING WORKFORCE MANAGEMENT: IMPLEMENTING A DATA ANALYTICS DRIVEN EMPLOYMENT SYSTEM FOR PESO IMUS','ABUT, RENZ MARK, ESPINEA, PAUL CHRISTIAN, NEBRES, JOHN MICHAEL','Cavite State University, Department of Computer Studies, Imus Campus','2024','A DATA, DATA, MANAGEMENT, WORKFORCE, WORKFORCE MANAGEMENT, DATA, DATA DRIVEN, EMPLOYMENT, EMPLOYMENT SYSTEM, PESO','',8,'2025-05-22 13:13:25'),(21,144,'ENHANCING VIRTUAL CONFERENCING: THE INTEGRATION OF GAMIFICATION IN AN INTERACTIVE 3D SPACE ENVIRONMENT','CHARNELLE P. ESTRIBOR, FRANZ EMSLEY L. MANIBOG, KERCHEI C. PALEN','Cavite State University, Department of Computer Studies','2024','AN INTERACTIVE, CONFERENCING, GAMIFICATION, INTEGRATION, INTERACTIVE, THE INTEGRATION, VIRTUAL, VIRTUAL CONFERENCING','',8,'2025-05-22 13:14:48'),(22,146,'GIVEBLOOD: A CROSS-PLATFORM BLOOD DONATION SYSTEM',', HARVI M, CATIPAY, ARISTON L, RAMOS, HARVI M','Cavite State University, Department of Computer Studies, Imus Campus','2023','A CROSS-PLATFORM BLOOD DONATION SYSTEM, BLOOD, DONATION, GIVEBLOOD, SYSTEM','',8,'2025-05-23 02:44:26'),(23,147,'Not Found','JEREMY T. BUENAOBRA, MA, ANGELICA L. QUILACIO, FRANCE REICIE F. PAGSANHAN','Cavite State University, Department of Computer Studies, Imus Campus','2022','Not Found','',8,'2025-05-23 02:46:05'),(24,149,'AILUTO IMAGE-BASED APPLICATION: UTILIZING SUPPORT VECTOR MACHINE WITH FILIPINO FOOD RECOGNITION AND RECIPE RETRIEVAL','JOSE CHRISTOPHER A. OJANO, JOLO MARCO B. RAMOS','Cavite State University, Department of Computer Studies, Imus Campus','2024','AILUTO IMAGE-BASED APPLICATION, APPLICATION, BASED, FILIPINO, FILIPINO FOOD RECOGNITION, FOOD, IMAGE, MACHINE, RECOGNITION, SUPPORT, SUPPORT VECTOR MACHINE, VECTOR','',8,'2025-05-23 16:54:48'),(25,150,'Not Found','Not Found','Not Found','Not ','Not Found','',8,'2025-05-23 18:00:18'),(26,153,'DEVELOPMENT OF A WLFI SECURITY APPLICATION FOR DETECTING AND MITIGATING EVIL TWIN ATTACKS','CZAR JOHN VILLAREAL, LOUISE MARK BANDOJA, VON PHILIPPE ACERO','Cavite State University, Department of Computer Studies, Imus Campus','2025','A WLFI SECURITY APPLICATION, APPLICATION, DETECTING, DEVELOPMENT, SECURITY, WLFI','',8,'2025-05-25 05:55:39'),(27,156,'DEVELOPMENT OF A WLFI SECURITY APPLICATION FOR DETECTING AND',', CZAR JOHN VILLAREAL, LOUISE MARK BANDOJA, VON PHILIPPE ACERO','Cavite State University, Department of Computer Studies, Imus Campus','2025',NULL,'',8,'2025-05-25 18:59:29'),(28,155,'DEVELOPMENT OF A WLFI SECURITY APPLICATION FOR DETECTING AND',', CZAR JOHN VILLAREAL, LOUISE MARK BANDOJA, VON PHILIPPE ACERO','Cavite State University, Department of Computer Studies, Imus Campus','2025',NULL,'',8,'2025-05-25 18:59:40'),(29,155,'DEVELOPMENT OF A WLFI SECURITY APPLICATION FOR DETECTING AND',', CZAR JOHN VILLAREAL, LOUISE MARK BANDOJA, VON PHILIPPE ACERO','Cavite State University, Department of Computer Studies, Imus Campus','2025',NULL,'',8,'2025-05-25 18:59:40'),(30,154,'ENT SYSTEM WITH BARCODE SCANNER','Not Found','Not Found','Not ',NULL,'',8,'2025-05-25 18:59:43'),(31,154,'ENT SYSTEM WITH BARCODE SCANNER','Not Found','Not Found','Not ',NULL,'',8,'2025-05-25 18:59:44'),(32,152,'ENT SYSTEM WITH BARCODE SCANNER','Not Found','Not Found','Not ',NULL,'',8,'2025-05-25 18:59:48'),(33,152,'ENT SYSTEM WITH BARCODE SCANNER','Not Found','Not Found','Not ',NULL,'',8,'2025-05-25 18:59:48'),(34,151,'DEVELOPMENT OF A VIRTUAL NURSE SYSTEM WITH BASIC HEALTH DETECTION USING GEOLOCATION','RODNIE G. GELLA, SHARINA ACEL V. MACROHON, VIRGILIO JR. C. DIAZ, \'SHARINA ACEL V. MACROHON','Cavite State University, Department of Computer Studies, Imus Campus','2025',NULL,'',8,'2025-05-25 18:59:53'),(35,151,'DEVELOPMENT OF A VIRTUAL NURSE SYSTEM WITH BASIC HEALTH DETECTION USING GEOLOCATION','RODNIE G. GELLA, SHARINA ACEL V. MACROHON, VIRGILIO JR. C. DIAZ, \'SHARINA ACEL V. MACROHON','Cavite State University, Department of Computer Studies, Imus Campus','2025',NULL,'',8,'2025-05-25 18:59:53'),(36,148,'GIVEBLOOD: A CROSS-PLATFORM BLOOD DONATION SYSTEM',', HARVI M, CATIPAY, ARISTON L, RAMOS, HARVI M','Cavite State University, Department of Computer Studies, Imus Campus','2023',NULL,'',8,'2025-05-25 18:59:57'),(37,148,'GIVEBLOOD: A CROSS-PLATFORM BLOOD DONATION SYSTEM',', HARVI M, CATIPAY, ARISTON L, RAMOS, HARVI M','Cavite State University, Department of Computer Studies, Imus Campus','2023',NULL,'',8,'2025-05-25 18:59:57'),(38,145,'GIVEBLOOD: A CROSS-PLATFORM BLOOD DONATION SYSTEM WITH DATA ANALYTICS AND VISUALIZATION IN IMUS CAVITE','Not Found','Not Found','Not ',NULL,'',8,'2025-05-25 19:00:46'),(40,157,'GEOSPATIAL IDENTIFICATION OF POVERTY AREAS: MACHINE LEARNING APPROACH FOR DSWD IMUS','ROMMEL M. MACAPOBRE, NIRO S. REGALADO','Cavite State University, Department of Computer Studies','2024',NULL,'',8,'2025-05-25 19:09:27'),(41,158,'CVSU IMUS ANDROID MAPPING APP: ENHANCING CAMPUS ACCESSIBILITY','REQUIREMENTS FOR THE DEGREE','Cavite State University, Department of Computer Studies, Imus Campus','2022',NULL,'',8,'2025-05-25 20:38:32'),(42,161,'AILUTO IMAGE-BASED APPLICATION: UTILIZING SUPPORT VECTOR MACHINE WITH FILIPINO FOOD RECOGNITION','JOSE CHRISTOPHER A. OJANO, JOLO MARCO B. RAMOS','Cavite State University, Department of Computer Studies, Imus Campus','2024',NULL,'',8,'2025-05-25 21:15:59'),(43,162,'FACIAL RECOGNITION FOR PAYROLL AND ATTENDANCE OF NON-ACADEMIC EMPLOYEES OF CAVITE STATE UNIVERSITY - IMUS CAMPUS','BALTAZAR, SHANNEN ROSE D, BAYER, JOHN LIMUEL P, DALANGIN, JANINA KEITH G','Cavite State University','2023',NULL,'',8,'2025-05-26 03:42:03'),(44,160,'CVSU IMUS ANDROID MAPPING APP: ENHANCING CAMPUS ACCESSIBILITY AND EFFICIENCY','ANDRES, JOHN RYAN L, BERBASA, SHAUN PRINCE L, JOROLAN, VINCE LOUPER R','Cavite State University, Department of Computer Studies, Imus Campus','2022',NULL,'',8,'2025-05-26 03:42:52'),(45,159,'MOBILE EXAMINATION CHECKER APPLICATION FOR CAVITE STATE UNIVERSITY - IMUS CAMPUS','JEIGO M. RUBIS, RENZO A. OMPAD, CHRISTINNE LOR P. RAMOS','Cavite State University, Imus Campus','2022',NULL,'',8,'2025-05-26 03:43:15'),(46,163,'ENHANCING WORKFORCE MANAGEMENT: IMPLEMENTING A DATA ANALYTICS DRIVEN EMPLOYMENT SYSTEM FOR PESO IMUS','ABUT, RENZ MARK, ESPINEA, PAUL CHRISTIAN, NEBRES, JOHN MICHAEL','Cavite State University, Department of Computer Studies, Imus Campus','2024',NULL,'',8,'2025-05-26 03:44:39'),(47,161,'AILUTO IMAGE-BASED APPLICATION: UTILIZING SUPPORT VECTOR MACHINE WITH FILIPINO FOOD RECOGNITION','JOSE CHRISTOPHER A. OJANO, JOLO MARCO B. RAMOS','Cavite State University, Department of Computer Studies, Imus Campus','2024',NULL,'',8,'2025-05-26 04:29:59'),(48,166,'ENHANCING VIRTUAL CONFERENCING: THE INTEGRATION OF GAMIFICATION IN AN INTERACTIVE 3D SPACE ENVIRONMENT','CHARNELLE P. ESTRIBOR, FRANZ EMSLEY L. MANIBOG, KERCHEI C. PALEN','Cavite State University, Department of Computer Studies','2024',NULL,'',8,'2025-05-26 10:45:10'),(49,167,'GaPa: STUDENT GATE PASS INFORMATION SYSTEM USING RFID WITH METAL DETECTOR FOR CAVITE STATE UNIVERSITY - IMUS CAMPUS','BORJA, ANDREA MIRABELA D., MARTIN, ELEINA JOELLE G., MEDALLA, ALMIRA L.','Cavite State University, Department of Computer Studies','2023',NULL,'',8,'2025-05-26 10:47:21'),(50,168,'LOST CATS AND DOGS REPORTING AND REGISTRATION SYSTEM FOR IMUS ANIMAL POUND WITH BREED IDENTIFIER','SALES, MERLIN MIGUEL C., DE JUAN, MARTIENE ANN. PEREZ, ACE J.','Cavite State University, Department of Computer Studies, Imus Campus','2023',NULL,'',8,'2025-05-26 10:50:10'),(51,169,'SUBSURFACE IRRIGATION SYSTEM FOR SAUR FARM USINGTHRESHOLD ALGORITHM','OLAIRA, ZAMIR, TIMOTHY V, CARRASCO, CARLOS MIGUEL I.','Cavite State University, Department of Computer Studies','2023',NULL,'',8,'2025-05-26 10:51:53'),(52,170,'AN ONLINE VOTING SYSTEM FOR CAVITE STATE UNIVERSITY IMUS CAMPUS','CHRISTIAN ANDREY TURLA SALONOY, DIANA ALTAREJOS GUTIERREZ, ERICA SHEINA LANSANG BERTULFO','Cavite State University, Department of Computer Studies, Imus Campus','2022',NULL,'',8,'2025-05-26 10:53:06'),(53,171,'DEVELOPMENT OF A WIFI SECURITY APPLICATION FOR DETECTING AND MITIGATING EVIL TWIN ATTACKS','CZAR JOHN VILLAREAL, LOUISE MARK BANDOJA, VON PHILIPPE ACERO','Cavite State University, Department of Computer Studies, Imus Campus','2025',NULL,'',8,'2025-05-26 13:33:50'),(54,172,'VISLIGHT: LEVERAGING INTELLIGENT TRAFFIC LIGHT SENSORS TO MITIGATE URBAN CONGESTION DURING RUSH HOURS','JOSE ANGELO B. BITANGA, JOHN ROBERT L. OLANO, GWEN MARINIE C. PACIENTE\r\nJOHN ROBERT L. OLANO','Cavite State University, Imus Campus','2024',NULL,'',8,'2025-05-26 15:26:43'),(55,173,'ONLINE GRADING SYSTEM WITH ANALYSIS REPORT FOR','Not Found','Cavite State University','2023',NULL,'',8,'2025-05-26 15:29:08'),(56,174,'CVSU IMUS ANDROID MAPPING APP: ENHANCING CAMPUS ACCESSIBILITY','REQUIREMENTS FOR THE DEGREE','Cavite State University, Department of Computer Studies, Imus Campus','2022',NULL,'',8,'2025-05-26 15:29:52'),(57,175,'FACIAL RECOGNITION FOR PAYROLL AND ATTENDANCE OF NON-ACADEMIC','ROSE D, , JOHN LIMUEL P, BALTAZAR, SHANNEN ROSE D, BAYER, JOHN LIMUEL P, DALANGIN, JANINA KEITH G','Cavite State University','2023',NULL,'',8,'2025-05-26 15:30:54'),(58,176,'DESIGNING A MACHINE LEARNING-BASED SYSTEM TO PREDICT','LEONARDO LUIZ B, , LEONARDO LUIZ B','Cavite State University, Department of Computer Studies, Imus Campus','2025',NULL,'',8,'2025-05-26 15:31:39'),(59,177,'LOST CATS AND DOGS REPORTING AND REGISTRATION SYSTEM FOR IMUS','DE JUAN, MARTIENE ANN','Cavite State University, Department of Computer Studies, Imus Campus','2023',NULL,'',8,'2025-05-26 15:32:41'),(60,178,'ENHANCING VIRTUAL CONFERENCING: THE INTEGRATION OF GAMIFICATION IN AN INTERACTIVE','FRANZ EMSLEY L. MANIBOG','Cavite State University, Department of Computer Studies','2024',NULL,'',8,'2025-05-26 15:33:24'),(61,179,'FACIAL RECOGNITION FOR PAYROLL AND ATTENDANCE OF NON-ACADEMIC EMPLOYEES OF CAVITE STATE UNIVERSITY - IMUS CAMPUS','BALTAZAR, SHANNEN ROSE D, BAYER, JOHN LIMUEL P, DALANGIN, JANINA KEITH G','Cavite State University','2023',NULL,'',8,'2025-05-26 15:34:39'),(62,165,'AILUTO IMAGE-BASED APPLICATION: UTILIZING SUPPORT VECTOR MACHINE WITH FILIPINO FOOD RECOGNITION','JOSE CHRISTOPHER A. OJANO, JOLO MARCO B. RAMOS','Cavite State University, Department of Computer Studies, Imus Campus','2024',NULL,'',8,'2025-05-26 15:34:58'),(63,164,'DEVELOPMENT OF A WLFI SECURITY APPLICATION FOR DETECTING AND',', CZAR JOHN VILLAREAL, LOUISE MARK BANDOJA, VON PHILIPPE ACERO','Cavite State University, Department of Computer Studies, Imus Campus','2025',NULL,'',8,'2025-05-26 15:35:02'),(64,180,'FACIAL RECOGNITION FOR PAYROLL AND ATTENDANCE OF NON-ACADEMIC EMPLOYEES OF CAVITE STATE UNIVERSITY - IMUS CAMPUS','BALTAZAR, SHANNEN ROSE D, BAYER, JOHN LIMUEL P, DALANGIN, JANINA KEITH G','Cavite State University','2023',NULL,'',8,'2025-05-26 15:37:49'),(65,181,'FACIAL RECOGNITION FOR PAYROLL AND ATTENDANCE OF NON-ACADEMIC EMPLOYEES OF CAVITE STATE UNIVERSITY - IMUS CAMPUS','BALTAZAR, SHANNEN ROSE D, BAYER, JOHN LIMUEL P, DALANGIN, JANINA KEITH G','Cavite State University','2023',NULL,'',8,'2025-05-26 15:42:09'),(66,182,'Not Found','REQUIREMENTS FOR THE DEGREE','Cavite State University, Department of Computer Studies, Imus Campus','2022',NULL,'',8,'2025-05-28 14:49:54'),(67,183,'MOBILE EXAMINATION CHECKER APPLICATION FOR CAVITE STATE UNIVERSITY - IMUS CAMPUS','JEIGO M. RUBIS, RENZO A. OMPAD, CHRISTINNE LOR P. RAMOS','Cavite State University, Imus Campus','2022',NULL,'',8,'2025-05-28 14:54:09'),(68,185,'FACIAL RECOGNITION FOR PAYROLL AND ATTENDANCE OF NON-ACADEMIC EMPLOYEES OF CAVITE STATE UNIVERSITY - IMUS CAMPUS','JOHN LIMUEL P, BALTAZAR, SHANNEN ROSE D, BAYER, JOHN LIMUEL P, DALANGIN, JANINA KEITH G','Cavite State University','2023',NULL,'',8,'2025-05-28 15:12:53'),(69,185,'FACIAL RECOGNITION FOR PAYROLL AND ATTENDANCE OF NON-ACADEMIC EMPLOYEES OF CAVITE STATE UNIVERSITY - IMUS CAMPUS','JOHN LIMUEL P, BALTAZAR, SHANNEN ROSE D, BAYER, JOHN LIMUEL P, DALANGIN, JANINA KEITH G','Cavite State University','2023',NULL,'',8,'2025-05-28 15:12:55'),(70,184,'FACIAL RECOGNITION FOR PAYROLL AND ATTENDANCE OF NON-ACADEMIC EMPLOYEES OF CAVITE STATE UNIVERSITY - IMUS CAMPUS','ROSE D, , JOHN LIMUEL P, BALTAZAR, SHANNEN ROSE D, BAYER, JOHN LIMUEL P, DALANGIN, JANINA KEITH G','Cavite State University','2023',NULL,'',8,'2025-05-28 15:13:40'),(71,186,'GEOSPATIAL IDENTIFICATION OF POVERTY AREAS: MACHINE LEARNING APPROACH FOR DSWD IMUS','NIRO S. REGALADO','Cavite State University, Department of Computer Studies','2024',NULL,'',8,'2025-05-28 16:01:28'),(72,187,'CVSU IMUS ANDROID MAPPING APP: ENHANCING CAMPUS ACCESSIBILITY AND EFFICIENCY','ANDRES, JOHN RYAN L, BERBASA, SHAUN PRINCE L, JOROLAN, VINCE LOUPER R','Cavite State University, Department of Computer Studies, Imus Campus','2022',NULL,'',8,'2025-05-28 16:02:22'),(73,189,'FACIAL RECOGNITION FOR PAYROLL AND ATTENDANCE OF NON-ACADEMIC EMPLOYEES OF CAVITE STATE UNIVERSITY - IMUS CAMPUS','BALTAZAR, SHANNEN ROSE D, BAYER, JOHN LIMUEL P, DALANGIN, JANINA KEITH G','Cavite State University','2023',NULL,'',8,'2025-05-28 16:03:31'),(74,188,'CVSU IMUS ANDROID MAPPING APP: ENHANCING CAMPUS ACCESSIBILITY AND EFFICIENCY','REQUIREMENTS FOR THE DEGREE','Cavite State University, Department of Computer Studies, Imus Campus','2022',NULL,'',8,'2025-05-28 16:03:44'),(75,191,'FACIAL RECOGNITION FOR PAYROLL AND ATTENDANCE OF NON-ACADEMIC EMPLOYEES OF CAVITE STATE UNIVERSITY - IMUS CAMPUS','BALTAZAR, SHANNEN ROSE D, BAYER, JOHN LIMUEL P, DALANGIN, JANINA KEITH G','Cavite State University','2023',NULL,'',8,'2025-05-28 16:05:42'),(76,192,'FACIAL RECOGNITION FOR PAYROLL AND ATTENDANCE OF NON-ACADEMIC EMPLOYEES OF CAVITE STATE UNIVERSITY - IMUS CAMPUS','BALTAZAR, SHANNEN ROSE D, BAYER, JOHN LIMUEL P, DALANGIN, JANINA KEITH G','Cavite State University','2023',NULL,'',8,'2025-05-28 16:19:05'),(77,193,'AILUTO IMAGE-BASED APPLICATION: UTILIZING SUPPORT VECTOR MACHINE WITH FILIPINO FOOD RECOGNITION AND RECIPE RETRIEVAL','JOSE CHRISTOPHER A. OJANO, JOLO MARCO B. RAMOS','Cavite State University, Department of Computer Studies, Imus Campus','2024',NULL,'',39,'2025-05-29 06:45:27'),(78,194,'CVSU IMUS ANDROID MAPPING APP: ENHANCING CAMPUS ACCESSIBILITY AND EFFICIENCY','BERBASA, SHAUN PRINCE, JOROLAN, VINCE LOUPER, L\r\nJOROLAN, VINCE LOUPER','Cavite State University, Department of Computer Studies, Imus Campus','2022',NULL,'',8,'2025-05-29 12:01:22'),(79,196,'CVSU IMUS ANDROID MAPPING APP: ENHANCING CAMPUS ACCESSIBILITY AND EFFICIENCY','BERBASA SHAUN PRINCE, JOROLAN VINCE LOUPER, L\r\nJOROLAN VINCE LOUPER','Cavite State University - Imus Campus','2022',NULL,'',8,'2025-05-29 12:19:53'),(80,195,'GEOSPATIAL IDENTIFICATION OF POVERTY AREAS: MACHINE LEARNING APPROACH FOR DSWD IMUS','NIRO S REGALADO','Cavite State University','2024',NULL,'',8,'2025-05-29 12:19:57'),(81,190,'LOST CATS AND DOGS REPORTING AND REGISTRATION SYSTEM FOR IMUS ANIMAL POUND WITH BREED IDENTIFIER','DE JUAN, MARTIENE ANN','Cavite State University, Department of Computer Studies, Imus Campus','2023',NULL,'',8,'2025-05-29 12:20:01'),(93,197,'CVSU IMUS ANDROID MAPPING APP: ENHANCING CAMPUS ACCESSIBILITY AND EFFICIENCY','BERBASA SHAUN PRINCE, JOROLAN VINCE LOUPER, L\r\nJOROLAN VINCE LOUPER','Cavite State University - Imus Campus','2022',NULL,'',8,'2025-05-29 12:30:03'),(94,198,'CVSU IMUS ANDROID MAPPING APP: ENHANCING CAMPUS ACCESSIBILITY AND EFFICIENCY','BERBASA SHAUN PRINCE, JOROLAN VINCE LOUPER, LJOROLAN VINCE LOUPER','Cavite State University - Imus Campus','2022',NULL,'',8,'2025-05-29 12:37:57'),(95,200,'LOST CATS AND DOGS REPORTING AND REGISTRATION SYSTEM FOR IMUS ANIMAL POUND WITH BREED IDENTIFIER','Not Found','Cavite State University - Imus Campus','2023',NULL,'',8,'2025-05-29 12:39:49'),(96,202,'GEOSPATIAL IDENTIFICATION OF POVERTY AREAS: MACHINE LEARNING APPROACH FOR DSWD IMUS','GEOSPATIAL IDENTIFICATION OF POVERTY AREAS, MACHINE LEARNING APPROACH FOR DSWD IMUS UNDERGRADUATE THESIS SUBMITTED, ROMMEL M, MACAPOBRE NIRO S, REGALADO SEPTEMBER','Cavite State University - Imus Campus','2024',NULL,'',8,'2025-05-29 12:42:35'),(98,204,'ENHANCING WORKFORCE MANAGEMENT: IMPLEMENTING A DATA ANALYTICS DRIVEN EMPLOYMENT SYSTEM FOR PESO IMUS','ABUT RENZ MARK, ESPINEA PAUL CHRISTIAN','Cavite State University - Imus Campus','2024',NULL,'',8,'2025-05-29 12:54:30'),(99,203,'GEOSPATIAL IDENTIFICATION OF POVERTY AREAS: MACHINE LEARNING APPROACH FOR DSWD IMUS','NIRO S REGALADO','Cavite State University - Imus Campus','2024',NULL,'',8,'2025-05-29 12:54:34'),(100,201,'ONLINE CLASS ATTENDANCE AND RECITATION MONITORING SYSTEM A Capstone Project','SOMIDO ALJON, PAYOMO JERRICO O','Cavite State University - Imus Campus','2022',NULL,'',8,'2025-05-29 12:54:37'),(101,199,'FACIAL RECOGNITION FOR PAYROLL AND ATTENDANCE OF NON-ACADEMIC EMPLOYEES OF CAVITE STATE UNIVERSITY - IMUS CAMPUS','BALTAZAR SHANNEN ROSE D, BAYER JOHN LIMUEL P, DALANGIN JANINA KEITH G','Cavite State University - Imus Campus','2023',NULL,'',8,'2025-05-29 12:54:41'),(102,205,'GEOSPATIAL IDENTIFICATION OF POVERTY AREAS: MACHINE LEARNING APPROACH FOR DSWD IMUS','ROMMEL M. MACAPOBRE, NIRO S REGALADO','Cavite State University - Imus Campus','2024',NULL,'',8,'2025-05-29 13:03:26'),(103,206,'CVSU IMUS ANDROID MAPPING APP: ENHANCING CAMPUS ACCESSIBILITY AND EFFICIENCY','ANDRES, JOHN RYAN L, BERBASA SHAUN PRINCE L, JOROLAN VINCE LOUPER R','Cavite State University - Imus Campus','2022',NULL,'',8,'2025-05-29 13:04:46'),(104,207,'GaPa: STUDENT GATE PASS INFORMATION SYSTEM USING RFID WITH METAL DETECTOR FOR CAVITE STATE UNIVERSITY - IMUS CAMPUS','BORJA ANDREA, MARTIN ELEINA, MEDALLA ALMIRA L','Cavite State University - Imus Campus','2023',NULL,'',8,'2025-05-29 13:06:10'),(105,208,'FACIAL RECOGNITION FOR PAYROLL AND ATTENDANCE OF NON-ACADEMIC EMPLOYEES OF CAVITE STATE UNIVERSITY - IMUS CAMPUS','BALTAZAR SHANNEN ROSE D, BAYER JOHN LIMUEL P, DALANGIN JANINA KEITH G','Cavite State University - Imus Campus','2023',NULL,'',8,'2025-05-29 14:07:37'),(106,209,'GIVEBLOOD: A CROSS-PLATFORM BLOOD DONATION SYSTEM WITH DATA ANALYTICS AND VISUALIZATION IN IMUS CAVITE','RAMOS HARVI, SILVA JIESILLE, CATIPAY ARISTON L','Cavite State University - Imus Campus','2023',NULL,'',8,'2025-05-29 14:08:18'),(107,210,'MOBILE MEDICINE ALARM REMINDER FOR','BABARAN RAFAELA, JANNA S, MERCADO GYNE, GONZALVO DENNIS L','Cavite State University - Imus Campus','2023',NULL,'',8,'2025-05-29 14:08:59'),(108,211,'| ONLINE APPOINTMENT FOR VET WAYS ANIMAL CLINIC DASMARINAS, CAVITE WITH SMS NOTIFICATION THESIS ANGELIKA U. ARENAS ASHLEY L. ATANGAN ARNINO REM A. RETITA Department of Computer Studies CAVITE STATE UNIVERSITY IImus City, Cavite JULY 2023','Not Found','Cavite State University - Imus Campus','2023',NULL,'',8,'2025-05-29 14:09:22'),(109,212,'ONLINE CLASS ATTENDANCE AND RECITATION MONITORING SYSTEM','SOMIDO ALJON, PAYOMO JERRICO O Armenta, John Aivan G.','Cavite State University - Imus Campus','2022',NULL,'',8,'2025-05-29 14:10:04'),(110,213,'MULTI-PLATFORM CONTACT TRACING WITH QR VERIFICATION SYSTEM FOR BARANGAY SABANG','PATRICK FAELDONEA, MATHEW AGUSTIN O BELLA, JOHN MICHAEL S DENISA','Cavite State University - Imus Campus','2022',NULL,'',8,'2025-05-29 14:12:02'),(111,214,'WEB-BASED CONTACT TRACING SYSTEM FOR THE COMMUNITY OF IMUS','ANGELICA L QUILACIO, DAVID JEREMY T BUENAOBRA, FRANCE REICIE F PAGSANHAN','Cavite State University - Imus Campus','2022',NULL,'',8,'2025-05-29 14:12:40'),(112,215,'GaPa: STUDENT GATE PASS INFORMATION SYSTEM USING RFID WITH METAL DETECTOR FOR CAVITE STATE UNIVERSITY - IMUS CAMPUS','BORJA ANDREA, MARTIN ELEINA, MEDALLA ALMIRA L','Cavite State University - Imus Campus','2023',NULL,'',8,'2025-05-29 14:14:42'),(113,216,'Not Found','Not Found','Cavite State University - Imus Campus','Not ',NULL,'',8,'2025-05-29 14:14:59'),(114,217,'LOST CATS AND DOGS REPORTING AND REGISTRATION SYSTEM FOR IMUS ANIMAL POUND WITH BREED IDENTIFIER','SALES MERLIN MIGUEL C. DE JUAN MARTIENE ANN, PEREZ ACE J','Cavite State University - Imus Campus','2023',NULL,'',8,'2025-05-29 14:16:21'),(115,109,'GEOSPATIAL IDENTIFICATION OF POVERTY AREAS: MACHINE LEARNING APPROACH FOR DSWD IMUS','ROMMEL M MACAPOBRE, NIRO S REGALADO','Cavite State University - Imus Campus','2024',NULL,'Metadata updated via edit',8,'2025-05-29 14:16:41'),(116,218,'SUBSURFACE IRRIGATION SYSTEM FOR SAUR FARM USING THRESHOLD ALGORITHM','CAPUA ANTHONY D, OLAIRA ZAMIR, CARRASCO CARLOS MIGUEL I','Cavite State University - Imus Campus','2023',NULL,'',8,'2025-05-29 14:18:34'),(117,219,'ENHANCING WORKFORCE MANAGEMENT: IMPLEMENTING A DATA ANALYTICS DRIVEN EMPLOYMENT SYSTEM FOR PESO IMUS','ABUT RENZ MARK, ESPINEA PAUL CHRISTIAN, ESPINEA PAUL CHRISTIAN','Cavite State University - Imus Campus','2024',NULL,'',8,'2025-05-29 14:20:54'),(118,220,'AN ONLINE VOTING SYSTEM FOR CAVITE STATE UNIVERSITY IMUS CAMPUS','CHRISTIAN ANDREY TURLA SALONOY, DIANA ALTAREJOS GUTIERREZ, ERICA SHEINA LANSANG BERTULFO','Cavite State University - Imus Campus','2022',NULL,'',8,'2025-05-29 14:21:44'),(119,221,'BARANGAY ALAPAN - 2A, IMUS CITY, CAVITE HEALTH CENTER SYSTEM WITH DATA ANALYTICS SYSTEM AND EMAIL NOTIFICATION','MARASIGAN KATRINA ALEXA Q, CEREZO JOVANY T, MAGDUA JEZEL A','Cavite State University - Imus Campus','2022',NULL,'',8,'2025-05-29 14:22:43'),(120,222,'CLOUD-BASED INVENTORY MANAGEMENT SYSTEM WITH QR CODE FOR SUPPLIES OFFICE IN CAVITE STATE UNIVERSITY-IMUS: ENHANCING EFFICIENCY AND ACCESSIBILITY','KEICE V ZOLETA, JOVELYN A DELA CRUZ, MARIA CRISANTA P BORJA','Cavite State University - Imus Campus','2024',NULL,'',8,'2025-05-29 14:24:07'),(121,223,'ENHANCING VIRTUAL CONFERENCING: THE INTEGRATION OF GAMIFICATION IN AN INTERACTIVE 3D SPACE ENVIRONMENT','CHARNELLE P ESTRIBOR, KERCHEI C PALEN, FRANZE EMSLEY L MANIBOG','Cavite State University - Imus Campus','2024',NULL,'',8,'2025-05-29 14:26:02'),(122,224,'GAME SIMULATION FOR ALTERNATIVE LEARNING IN BASIC PYTHON FOR CS AND IT STUDENTS OF CAVITE STATE UNIVERSITY - IMUS CAMPUS','GARGAR GLENN ACE LIMWELL B, GERVACIO RONNETH, TOPACIO KHAIZTER','Cavite State University - Imus Campus','2023',NULL,'',8,'2025-05-29 14:27:06'),(123,223,'ENHANCING VIRTUAL CONFERENCING: THE INTEGRATION OF GAMIFICATION IN AN INTERACTIVE 3D SPACE ENVIRONMENT','CHARNELLE P ESTRIBOR, KERCHEI C PALEN, FRANZE EMSLEY L MANIBOG','Cavite State University - Imus Campus','2024',NULL,'',8,'2025-05-29 14:28:12'),(124,225,'MOBILE EXAMINATION CHECKER APPLICATION FOR CAVITE STATE UNIVERSITY - IMUS CAMPUS','JEIGO M RUBIS, CHRISTINNE LOR P RAMOS, RENZO A OMPAD','Cavite State University - Imus Campus','2022',NULL,'',8,'2025-05-29 14:28:43'),(125,226,'ONLINE CLASS ATTENDANCE AND RECITATION MONITORING SYSTEM','SOMIDO ALJON, PAYOMO JERRICO O, ARMENTA JOHN AIVAN G','Cavite State University - Imus Campus','2022',NULL,'',8,'2025-05-29 14:30:29'),(126,227,'SELF-ASSESSMENT INTEGRATION OF PROGRAMMING PROFICIENCY THROUGH MOBILE GAME FOR DCS STUDENTS','PATRICK JAMES F FETIZANAN, RENZO C CRUZ, CARLO T CASTRO','Cavite State University - Imus Campus','2022',NULL,'',8,'2025-05-29 14:35:28'),(127,227,'SELF-ASSESSMENT INTEGRATION OF PROGRAMMING PROFICIENCY THROUGH MOBILE GAME FOR DCS STUDENTS','PATRICK JAMES F FETIZANAN, RENZO C CRUZ, CARLO T CASTRO','Cavite State University - Imus Campus','2022',NULL,'',8,'2025-05-29 14:35:30'),(128,228,'DETECTING MISINFORMATION USING BERT: A LANGUAGE MODEL APPROACH TO ANALYZING FAKE NEWS NARRATIVES','VON PHILIPPE C ACERO, LOUISE MARK A BANDOJA, CZAR JOHN V VILLAREAL','Cavite State University - Imus Campus','2025',NULL,'',8,'2025-05-29 14:45:26'),(129,229,'VISLIGHT: LEVERAGING INTELLIGENT TRAFFIC LIGHT SENSORS TO MITIGATE URBAN CONGESTION DURING RUSH HOURS','JOSE ANGELO B BITANGA, JOHN ROBERT L OLANO, GWEN MARINIE C PACIENTE','Cavite State University - Imus Campus','2024',NULL,'',8,'2025-05-29 14:45:54'),(130,230,'SYNTAX RECALL: ENHANCING CODING SKILLS THROUGH 2D TEXT-BASED INTERACTIVE COMBAT GAME','Not Found','Cavite State University - Imus Campus','Not ',NULL,'',8,'2025-05-30 02:51:35'),(131,231,'GIVEBLOOD: A CROSS-PLATFORM BLOOD DONATION SYSTEM WITH DATA ANALYTICS AND VISUALIZATION IN IMUS CAVITE','RAMOS HARVI, SILVA JIESILLE, CATIPAY ARISTON L','Cavite State University - Imus Campus','2023',NULL,'',8,'2025-05-30 02:52:49'),(132,232,'WEB-BASED CONTACT TRACING SYSTEM FOR THE COMMUNITY OF ImUS','ANGELICA L QUILACIO, DAVID JEREMY T BUENAOBRA, FRANCE REICIE F PAGSANHAN','Cavite State University - Imus Campus','2022',NULL,'',8,'2025-05-30 02:53:53'),(133,233,'SELF-ASSESSMENT INTEGRATION OF PROGRAMMING PROFICIENCY THROUGH MOBILE GAME FOR DCS STUDENTS  Manuscript','PATRICK JAMES F FETIZANAN, RENZO C CRUZ, CARLO T. CASTRO','Cavite State University - Imus Campus','2022',NULL,'',8,'2025-05-30 03:50:26'),(134,234,'ENHANCING VIRTUAL CONFERENCING: THE INTEGRATION OF GAMIFICATION IN AN INTERACTIVE 3D SPACE ENVIRONMENT','CHARNELLE P ESTRIBOR, FRANZ EMSLEY L MANIBOG, KERCHEI C PALEN','Cavite State University - Imus Campus','2024',NULL,'',8,'2025-05-30 03:59:27'),(135,240,'MOBILE MEDICINE ALARM REMINDER FOR','BABARAN RAFAELA, JANNA S, MERCADO GYNE, GONZALVO DENNIS L','Cavite State University - Imus Campus','2023',NULL,'',8,'2025-05-30 09:48:07'),(136,239,'Not Found','Not Found','Cavite State University - Imus Campus','Not ',NULL,'',8,'2025-05-30 10:00:49'),(138,238,'CSTHESISHUB: AN OCR AND SPANBASED RAFAELLA BANEZ','Not Found','Cavite State University - Imus Campus','Not ',NULL,'',39,'2025-06-08 14:28:31'),(139,241,'FACIAL RECOGNITION FOR PAYROLL AND ATTENDANCE OF NON-ACADEMIC EMPLOYEES OF CAVITE STATE UNIVERSITY - IMUS CAMPUS','BALTAZAR SHANNEN ROSE D, BAYER JOHN LIMUEL P, DALANGIN JANINA KEITH G','Cavite State University - Imus Campus','2023',NULL,'',8,'2025-06-08 15:13:33');
/*!40000 ALTER TABLE `thesis_versions` ENABLE KEYS */;
UNLOCK TABLES;

--
-- Table structure for table `user_bookmarks`
--

DROP TABLE IF EXISTS `user_bookmarks`;
/*!40101 SET @saved_cs_client     = @@character_set_client */;
/*!50503 SET character_set_client = utf8mb4 */;
CREATE TABLE `user_bookmarks` (
  `id` int NOT NULL AUTO_INCREMENT,
  `user_id` int NOT NULL,
  `thesis_id` int NOT NULL,
  `created_at` timestamp NOT NULL DEFAULT CURRENT_TIMESTAMP,
  PRIMARY KEY (`id`),
  UNIQUE KEY `unique_bookmark` (`user_id`,`thesis_id`),
  KEY `thesis_id` (`thesis_id`),
  CONSTRAINT `user_bookmarks_ibfk_1` FOREIGN KEY (`user_id`) REFERENCES `users` (`id`) ON DELETE CASCADE,
  CONSTRAINT `user_bookmarks_ibfk_2` FOREIGN KEY (`thesis_id`) REFERENCES `published_theses` (`id`) ON DELETE CASCADE
) ENGINE=InnoDB AUTO_INCREMENT=29 DEFAULT CHARSET=utf8mb4 COLLATE=utf8mb4_general_ci;
/*!40101 SET character_set_client = @saved_cs_client */;

--
-- Dumping data for table `user_bookmarks`
--

LOCK TABLES `user_bookmarks` WRITE;
/*!40000 ALTER TABLE `user_bookmarks` DISABLE KEYS */;
/*!40000 ALTER TABLE `user_bookmarks` ENABLE KEYS */;
UNLOCK TABLES;

--
-- Table structure for table `user_view_history`
--

DROP TABLE IF EXISTS `user_view_history`;
/*!40101 SET @saved_cs_client     = @@character_set_client */;
/*!50503 SET character_set_client = utf8mb4 */;
CREATE TABLE `user_view_history` (
  `id` int NOT NULL AUTO_INCREMENT,
  `user_id` int NOT NULL,
  `thesis_id` int NOT NULL,
  `viewed_at` timestamp NOT NULL DEFAULT CURRENT_TIMESTAMP,
  PRIMARY KEY (`id`),
  KEY `user_id` (`user_id`),
  KEY `thesis_id` (`thesis_id`),
  CONSTRAINT `user_view_history_ibfk_1` FOREIGN KEY (`user_id`) REFERENCES `users` (`id`) ON DELETE CASCADE,
  CONSTRAINT `user_view_history_ibfk_2` FOREIGN KEY (`thesis_id`) REFERENCES `published_theses` (`id`) ON DELETE CASCADE
) ENGINE=InnoDB AUTO_INCREMENT=189 DEFAULT CHARSET=utf8mb4 COLLATE=utf8mb4_general_ci;
/*!40101 SET character_set_client = @saved_cs_client */;

--
-- Dumping data for table `user_view_history`
--

LOCK TABLES `user_view_history` WRITE;
/*!40000 ALTER TABLE `user_view_history` DISABLE KEYS */;
INSERT INTO `user_view_history` VALUES (133,8,110,'2025-05-29 13:25:59'),(135,39,109,'2025-05-29 13:34:07'),(136,8,109,'2025-05-29 14:16:42'),(137,8,113,'2025-05-29 14:17:13'),(153,8,123,'2025-05-30 02:07:38'),(154,8,122,'2025-05-30 02:07:54'),(156,42,123,'2025-05-30 02:53:38'),(157,42,122,'2025-05-30 05:06:32'),(174,8,127,'2025-05-30 10:01:06'),(180,8,114,'2025-05-30 10:01:14'),(181,39,123,'2025-06-08 14:42:04'),(182,39,127,'2025-06-08 14:41:03'),(183,39,113,'2025-06-08 14:51:34'),(184,8,127,'2025-06-08 15:12:48'),(185,8,123,'2025-06-08 15:06:26'),(186,8,109,'2025-06-08 15:07:21'),(187,8,129,'2025-06-08 15:14:59');
/*!40000 ALTER TABLE `user_view_history` ENABLE KEYS */;
UNLOCK TABLES;

--
-- Table structure for table `users`
--

DROP TABLE IF EXISTS `users`;
/*!40101 SET @saved_cs_client     = @@character_set_client */;
/*!50503 SET character_set_client = utf8mb4 */;
CREATE TABLE `users` (
  `id` int NOT NULL AUTO_INCREMENT,
  `username` varchar(80) COLLATE utf8mb4_general_ci NOT NULL,
  `password` varchar(255) COLLATE utf8mb4_general_ci NOT NULL,
  `role` enum('user','admin') COLLATE utf8mb4_general_ci NOT NULL DEFAULT 'user',
  `email` text COLLATE utf8mb4_general_ci NOT NULL,
  `is_verified` tinyint(1) DEFAULT '0',
  `verification_code` text COLLATE utf8mb4_general_ci,
  `code_expires` datetime DEFAULT NULL,
  `google_id` varchar(255) COLLATE utf8mb4_general_ci DEFAULT NULL,
  `is_google_auth` tinyint(1) DEFAULT '0',
  PRIMARY KEY (`id`),
  UNIQUE KEY `username` (`username`)
) ENGINE=InnoDB AUTO_INCREMENT=48 DEFAULT CHARSET=utf8mb4 COLLATE=utf8mb4_general_ci;
/*!40101 SET character_set_client = @saved_cs_client */;

--
-- Dumping data for table `users`
--

LOCK TABLES `users` WRITE;
/*!40000 ALTER TABLE `users` DISABLE KEYS */;
INSERT INTO `users` VALUES (8,'admin2025','scrypt:32768:8:1$ioJg56s33nLFUA2N$61c3ce9bbc863b712bc2ee697685f9dcdbb63688c4aedfc43a2a501fe0174c74bd77d59c8f78f740a0a69598889a2e399650481f3a403fe6b24118efaa91765f','admin','',1,NULL,NULL,NULL,0),(25,'futsalnum6','scrypt:32768:8:1$9Cw3ta8lHqCFBYqC$fb3d29062c930c8b8d623d5c7636469e3b63cad6368fc7045b8d0d61536bde75154d81eaa27ee1ac04193418651f7cd740a7bb6db08d5ab99db6f2a719af81ee','user','leilaannecandelaria@gmail.com',1,NULL,NULL,NULL,0),(26,'Abcs','scrypt:32768:8:1$18GOB4iUEE66zMmr$2fe386fe541c0f5239123f5a805b0c8ec25d1798665315821b32c9a1bc84ca50689c82919bfd6261a6735403b3b350f270fbb64c675e869e74d2d7cfbc965a24','user','abcs@gmail.com',0,'593300','2025-05-22 03:51:14',NULL,0),(27,'wilab','scrypt:32768:8:1$iJmbl5hg1361kEps$f41ed476a822b70048bef5457df4a66b7fbe02205fc9a0a22b87d7c5618588196c44328ff7eaca4d8dd8889f797c04605c7dca282029f91a913612ea8779448f','user','guadalupesy2017@gmail.com',0,'385512','2025-05-23 02:17:24',NULL,0),(28,'spacedoutiya','scrypt:32768:8:1$04iJmlcngwiFLqbq$a32cd5916925103a8cdaf3670190b36c64fdb44253d9af5fa26c18889df9fbb35fffcab63a81c8a46ce053035c4eafcb81e7cdd40025e58dfeb5d9248c8994fb','admin','aalihya.rivero@cvsu.edu.ph',1,NULL,NULL,NULL,0),(29,'testing','scrypt:32768:8:1$dGyMhXg8tsRBCTOV$4718d5a520a3d372ba5ab79fc83a38095a59ea8de582ea09676fc73eaf266fc087b4e4cc6a3a655720f3fcf8b243a82e0c061577deecd8c1c3a9bdf816f0e13f','user','testing@gmail.com',0,'013795','2025-05-24 12:50:48',NULL,0),(30,'gelotest','scrypt:32768:8:1$Xu7sufQDg9WPDET5$126461d86bce324289586c81c913df60eae63e88781c8dd7216eff518d09f763a72e14c3e8638775c400f06b92c0a8e13bf90d18398f0672684f703b4c8f560c','user','tryhuawei15@gmail.com',1,NULL,NULL,NULL,0),(31,'cccc','scrypt:32768:8:1$PCGJUx3qWhvopCQN$713d35d97d2066b52d887f87d5581305df4b3fbe52283ea93b696fe7d34c759083f76fcc112b0f0023ad7ec4e5e13a2fcfef7773b15f876ead51f83994cdd30f','user','niel@yahoo.com',0,'268463','2025-05-24 12:52:44',NULL,0),(32,'Zeus','scrypt:32768:8:1$v6wsmbHArNxyhfGt$c05d947cd331589f9f1ce39d09a5802a0c006c52ab6e8e9d12d876c6833fac64bbdee15661f76b47fae9f3765f57603661a55f6afc7a0a9b3ecd6f6a3a8788d2','user','padillaallexzeusmarvel@gmail.com',1,NULL,NULL,NULL,0),(33,'arujem','scrypt:32768:8:1$uRVixRb7CaM1aJrZ$4c54252f46bb9ef64c172776ca0397f44cc4439fc02bad8332f3342ac9ed511a643fdb7095504072447247fc13a7b02a409728e321ca537e78158c5cd704a992','user','some.body@gmail.com',0,'208767','2025-05-24 16:58:32',NULL,0),(34,'jey_ar','scrypt:32768:8:1$SBmw196YVbSoYMm1$75afc52c3af4df788f4092099b70dcd1c5a45d1cbe2482bb879164066d1320fb74c6e3fd027791a5296b3efb494bddee4eac88c0769203f85221af7daab3f22e','user','johnny.deasis@cvsu.edu.ph',1,NULL,NULL,NULL,0),(35,'Obey','scrypt:32768:8:1$9fSdRz3rc3bHkCJH$5f0461939a6c391485c4acbb04ac9448fbf28677f1a525d3d2ec31525d8dbfe0e7965e3d768b7f66bc0d376bc614de775d5d96d66fa0fabeeb1db2ee52427fa5','user','ic.gerardobey.francisco@cvsu.edu.ph',1,NULL,NULL,NULL,0),(36,'system','scrypt:32768:8:1$mZYfjRsIUZMHIreQ$201d8f80011c737b1021554afad03db80c34495a6f80b6845545fa563b6feab42efbc0130ac5264a139e7146542735c30485dbe897d9bd742c51b91995a6b7ba','user','test3@gmail.com',0,'318198','2025-05-25 05:58:29',NULL,0),(37,'user1234','scrypt:32768:8:1$hucMd8FuOw3vlk0A$d069fab5d4b60968d51d5a5779bafe3cd978a0bcd99bfcba050bd164a60c3c9cc1debe1321b8fbdefba0e177932bf3567586ef4fc49367cabcb07ea70df65bcd','user','ic.johnrobert.olano@cvsu.edu.ph',1,NULL,NULL,NULL,0),(39,'red1','scrypt:32768:8:1$xB7Mgd5dYeReoS9Q$fcf557f2edcde807a4440d199b3639cc42413b4f5acad309a16e2a6bb7e93dcc4da735165bea183f6aa59bd7f5cb7be262c16896fab57ee856c273e0a9f86e4c','admin','banezella2@gmail.com',1,NULL,NULL,NULL,0),(41,'yujimin','scrypt:32768:8:1$NEt27x2JU7pEQXOQ$c70de6e3b2af6edff1ccb8769279fc529ae3cc800a1c4c9f630ab42cadc611c52af8d65d063fa48bdbe3ae4e56469b5317d772a0c8204e3e83a546c3a120f31e','user','rafaellabanez07@gmail.com',0,'891287','2025-05-26 02:00:56',NULL,0),(42,'Onlyformochaaa','scrypt:32768:8:1$ovU4RebEEXp78PPa$5e333168bb8d67c96eab9288c3e25dc0a8bc18cba245c6940a2f67f216956de34c617a3968536ed09513ff7a1fe8eb4634ffdb8a454ed0e6550d01f3dbac6938','user','lihyarivero@gmail.com',1,NULL,NULL,NULL,0),(44,'Aalihya Rivero','scrypt:32768:8:1$JwGexQh5OMlS3t3Z$a100ab034e610af1e269ae4e0bc2c4b0175a11c8714aca066f9cc38ea471015de10c62da09710a1ed8951982d77c579b528f573c44b150d674744c1049f3cb88','user','aalihyarivero@gmail.com',0,'353570','2025-05-28 19:40:10',NULL,0),(46,'Ryan Christian','scrypt:32768:8:1$YlPzWwPiALcmInpc$36afd67fc92b999cef4458ae32560f6e9d7c325fd4a3fa8b9bb707e33463aca8821144d2b7eacfec0f74e174625e74b38cdc3b383e4c730546d28e08c6b157b6','user','ryanchristian.robles@cvsu.edu.ph',1,NULL,NULL,NULL,0),(47,'System Testing','scrypt:32768:8:1$s5poak9kdlWUP5Dd$332914b57fc58efea140d24fa76bcd10c1000f33a68beab3e7b6ae83ea86e5b581655f47041e8ecdb1e25c059df000748f00d799283fd071a7388596370650ba','user','ryan.christianrobles24@gmail.com',0,'016141','2025-05-30 10:03:32',NULL,0);
/*!40000 ALTER TABLE `users` ENABLE KEYS */;
UNLOCK TABLES;
/*!40103 SET TIME_ZONE=@OLD_TIME_ZONE */;

/*!40101 SET SQL_MODE=@OLD_SQL_MODE */;
/*!40014 SET FOREIGN_KEY_CHECKS=@OLD_FOREIGN_KEY_CHECKS */;
/*!40014 SET UNIQUE_CHECKS=@OLD_UNIQUE_CHECKS */;
/*!40101 SET CHARACTER_SET_CLIENT=@OLD_CHARACTER_SET_CLIENT */;
/*!40101 SET CHARACTER_SET_RESULTS=@OLD_CHARACTER_SET_RESULTS */;
/*!40101 SET COLLATION_CONNECTION=@OLD_COLLATION_CONNECTION */;
/*!40111 SET SQL_NOTES=@OLD_SQL_NOTES */;

-- Dump completed on 2025-06-08 15:23:14
